Mes,SerieHist,CNRM-CM5,RCP 4.5,RCP 6.0,RCP 8.5,MIROC,RCP 4.5,RCP 6.0,RCP 8.5,CGCM,RCP 4.5,RCP 6.0,RCP 8.5,HadCM3,RCP 4.5,RCP 6.0,RCP 8.5,CanESM2,RCP 4.5,RCP 6.0,RCP 8.5,CSIRO-Mk3-6-0,RCP 4.5,RCP 6.0,RCP 8.5,GISS-E2-R-CC,RCP 4.5,RCP 6.0,RCP 8.5,inmcm4,RCP 4.5,RCP 6.0,RCP 8.5,IPSL-CM5A-LR,RCP 4.5,RCP 6.0,RCP 8.5,MIROC5,RCP 4.5,RCP 6.0,RCP 8.5,MIROC-ESM-CHEM,RCP 4.5,RCP 6.0,RCP 8.5,MPI-ESM-LR,RCP 4.5,RCP 6.0,RCP 8.5,NorESM1-ME,RCP 4.5,RCP 6.0,RCP 8.5
01/03/1982,0.5,15.1,,,,12,,,,6.6,,,,45.1,,,,2.5,,,,20.7,,,,54.6,,,,21.0,,,,1.5,,,,2.6,,,,46.2,,,,68.4,,,,62.3,,,
01/04/1982,12.1,63.9,,,,10.1,,,,22,,,,15.8,,,,17.0,,,,75.5,,,,36.9,,,,37.7,,,,31.2,,,,25.1,,,,24.0,,,,5.4,,,,61.6,,,
01/05/1982,43.8,69.5,,,,50,,,,57.6,,,,163.1,,,,85.9,,,,86.9,,,,19.3,,,,134.6,,,,124.8,,,,136.9,,,,131.2,,,,177.3,,,,112.0,,,
01/06/1982,53.6,179.6,,,,177.1,,,,136.2,,,,135.4,,,,400.0,,,,199.9,,,,123.9,,,,105.6,,,,187.4,,,,95.8,,,,129.4,,,,156.9,,,,240.2,,,
01/07/1982,184.1,121.3,,,,184,,,,168.5,,,,71.8,,,,269.0,,,,164.7,,,,54.5,,,,151.5,,,,386.0,,,,247.4,,,,121.3,,,,131.3,,,,91.8,,,
01/08/1982,69.6,161.9,,,,159.5,,,,173.1,,,,80.5,,,,233.0,,,,333.3,,,,56.8,,,,173.3,,,,130.6,,,,211.3,,,,79.9,,,,148.2,,,,175.2,,,
01/09/1982,12.4,39.3,,,,56.2,,,,133.8,,,,48.9,,,,167.5,,,,203.6,,,,101.7,,,,61.6,,,,85.6,,,,91.4,,,,34.9,,,,83.3,,,,24.3,,,
01/10/1982,33.4,29.7,,,,117.8,,,,117.6,,,,26.3,,,,166.9,,,,2.0,,,,31.7,,,,95.6,,,,138.3,,,,56.4,,,,73.9,,,,37.9,,,,22.6,,,
01/11/1982,43.3,34.1,,,,60.1,,,,165.2,,,,43.5,,,,19.7,,,,2.6,,,,29.2,,,,215.0,,,,122.1,,,,44.4,,,,36.4,,,,13.2,,,,58.9,,,
01/12/1982,26.5,6.5,,,,39.1,,,,179.7,,,,14.7,,,,7.5,,,,105.9,,,,19.4,,,,67.9,,,,113.8,,,,143.9,,,,90.6,,,,20.5,,,,245.7,,,
01/01/1983,33.2,12.7,,,,24.4,,,,167.7,,,,1.7,,,,15.2,,,,37.9,,,,31.9,,,,23.3,,,,129.1,,,,15.6,,,,77.3,,,,42.2,,,,8.0,,,
01/02/1983,0.5,16,,,,27.7,,,,30,,,,3.2,,,,9.1,,,,37.9,,,,136.1,,,,79.5,,,,37.0,,,,92.2,,,,25.9,,,,8.8,,,,19.5,,,
01/03/1983,0,27,,,,56.6,,,,81.9,,,,5.5,,,,32.3,,,,13.8,,,,62.5,,,,64.2,,,,56.6,,,,16.5,,,,50.0,,,,19.0,,,,76.0,,,
01/04/1983,0,63.5,,,,76.5,,,,18.1,,,,27.9,,,,26.2,,,,8.7,,,,35.8,,,,30.2,,,,58.6,,,,32.7,,,,7.9,,,,7.9,,,,162.1,,,
01/05/1983,28.2,31.2,,,,23.9,,,,51.9,,,,73,,,,84.0,,,,3.8,,,,64.6,,,,61.0,,,,39.2,,,,154.8,,,,99.6,,,,75.9,,,,239.4,,,
01/06/1983,72.4,128.3,,,,125.5,,,,251.8,,,,117.5,,,,472.5,,,,147.7,,,,86.8,,,,33.8,,,,198.7,,,,178.6,,,,265.4,,,,141.9,,,,287.0,,,
01/07/1983,132.4,228.6,,,,238.2,,,,125.7,,,,118.6,,,,292.1,,,,311.7,,,,53.6,,,,62.4,,,,266.1,,,,173.6,,,,183.1,,,,121.1,,,,95.3,,,
01/08/1983,92.6,168.7,,,,163,,,,72.6,,,,158.8,,,,321.3,,,,511.4,,,,19.3,,,,101.1,,,,231.6,,,,174.6,,,,134.8,,,,113.9,,,,168.5,,,
01/09/1983,151.7,41.9,,,,156.6,,,,252.2,,,,77.6,,,,195.0,,,,175.4,,,,24.3,,,,95.5,,,,96.7,,,,15.1,,,,95.3,,,,86.6,,,,85.3,,,
01/10/1983,22.6,6.7,,,,109.3,,,,131.9,,,,56.3,,,,82.1,,,,34.4,,,,16.8,,,,31.8,,,,122.4,,,,72.6,,,,141.8,,,,8.4,,,,14.4,,,
01/11/1983,40,2.6,,,,74.6,,,,106.7,,,,8.4,,,,20.8,,,,16.0,,,,24.1,,,,95.2,,,,99.3,,,,117.4,,,,79.5,,,,7.5,,,,127.2,,,
01/12/1983,3.5,6.9,,,,60.4,,,,137.3,,,,18.7,,,,17.6,,,,185.0,,,,56.2,,,,49.3,,,,123.5,,,,113.7,,,,81.0,,,,13.5,,,,113.3,,,
01/01/1984,13.8,16.4,,,,25.2,,,,157.6,,,,4.7,,,,7.7,,,,101.9,,,,58.0,,,,41.0,,,,62.3,,,,30.2,,,,23.4,,,,15.3,,,,183.9,,,
01/02/1984,17,17.1,,,,16,,,,140.2,,,,2.9,,,,24.4,,,,56.9,,,,12.4,,,,55.1,,,,98.4,,,,49.8,,,,8.7,,,,64.9,,,,59.9,,,
01/03/1984,0,31,,,,35.4,,,,11.3,,,,1,,,,8.5,,,,52.2,,,,56.5,,,,132.7,,,,105.4,,,,62.0,,,,13.4,,,,33.0,,,,52.4,,,
01/04/1984,0,12.8,,,,73.7,,,,26.1,,,,9.8,,,,24.1,,,,0.4,,,,60.1,,,,39.5,,,,28.3,,,,42.1,,,,9.4,,,,15.2,,,,67.4,,,
01/05/1984,10.4,35,,,,119.1,,,,39.9,,,,58.8,,,,98.3,,,,9.8,,,,23.2,,,,40.7,,,,102.4,,,,118.6,,,,234.0,,,,202.8,,,,141.9,,,
01/06/1984,113.1,34.9,,,,197.3,,,,115.4,,,,215,,,,244.8,,,,181.9,,,,89.4,,,,76.0,,,,175.2,,,,191.0,,,,187.5,,,,135.5,,,,194.2,,,
01/07/1984,255.3,130.1,,,,130.6,,,,188.7,,,,111.6,,,,270.2,,,,303.2,,,,101.4,,,,111.7,,,,238.3,,,,178.8,,,,217.0,,,,69.7,,,,101.5,,,
01/08/1984,89.1,99.1,,,,107.2,,,,138.7,,,,91.7,,,,343.3,,,,279.8,,,,53.1,,,,103.7,,,,189.5,,,,203.2,,,,135.2,,,,96.7,,,,119.9,,,
01/09/1984,47.2,80.9,,,,204.2,,,,299.8,,,,39.3,,,,203.2,,,,251.0,,,,46.8,,,,36.4,,,,131.8,,,,68.2,,,,121.4,,,,46.3,,,,74.4,,,
01/10/1984,14,88.9,,,,118.4,,,,94.3,,,,12.5,,,,123.1,,,,25.0,,,,18.2,,,,95.2,,,,129.1,,,,34.9,,,,118.5,,,,28.6,,,,126.2,,,
01/11/1984,0,10.9,,,,71.8,,,,148.5,,,,2.5,,,,44.7,,,,13.0,,,,21.1,,,,154.0,,,,127.7,,,,46.3,,,,105.4,,,,23.0,,,,34.0,,,
01/12/1984,1.6,55.9,,,,42.4,,,,42.2,,,,165.6,,,,45.4,,,,16.5,,,,8.6,,,,24.7,,,,28.9,,,,36.4,,,,11.7,,,,2.6,,,,52.5,,,
01/01/1985,1.2,18.1,,,,39.7,,,,32.5,,,,9.8,,,,87.1,,,,109.2,,,,23.3,,,,76.4,,,,52.0,,,,35.0,,,,41.4,,,,36.7,,,,30.7,,,
01/02/1985,1.8,0.8,,,,13.5,,,,128.3,,,,17.3,,,,4.1,,,,32.5,,,,13.0,,,,60.2,,,,45.0,,,,4.4,,,,37.7,,,,13.2,,,,27.1,,,
01/03/1985,3.2,10.5,,,,23.3,,,,4.4,,,,19.2,,,,2.8,,,,6.8,,,,21.2,,,,90.8,,,,47.0,,,,75.6,,,,26.5,,,,5.8,,,,137.5,,,
01/04/1985,4.8,34.9,,,,41.3,,,,0.8,,,,44.9,,,,8.1,,,,0.8,,,,25.2,,,,51.4,,,,26.2,,,,98.4,,,,29.0,,,,87.8,,,,178.1,,,
01/05/1985,8.6,140.5,,,,77.3,,,,19.7,,,,37,,,,65.1,,,,0.9,,,,63.5,,,,91.4,,,,125.1,,,,166.6,,,,4.2,,,,135.5,,,,171.7,,,
01/06/1985,205.6,105.2,,,,179.4,,,,59.6,,,,199.6,,,,213.8,,,,114.9,,,,33.2,,,,41.3,,,,142.7,,,,32.1,,,,250.3,,,,184.8,,,,228.0,,,
01/07/1985,131,78.6,,,,128.4,,,,152.5,,,,82,,,,335.6,,,,171.8,,,,75.2,,,,214.1,,,,102.5,,,,148.1,,,,176.4,,,,138.6,,,,142.2,,,
01/08/1985,90.5,101.5,,,,107.3,,,,119.1,,,,105.8,,,,223.8,,,,365.9,,,,20.8,,,,133.9,,,,217.9,,,,123.6,,,,169.8,,,,90.6,,,,78.8,,,
01/09/1985,96.2,36.1,,,,91.6,,,,124.5,,,,74.1,,,,123.1,,,,240.9,,,,43.1,,,,43.4,,,,221.2,,,,191.4,,,,151.9,,,,20.8,,,,111.3,,,
01/10/1985,45.1,21.5,,,,149.2,,,,59,,,,19.2,,,,73.6,,,,5.2,,,,31.8,,,,117.5,,,,171.2,,,,200.5,,,,127.3,,,,103.8,,,,72.1,,,
01/11/1985,7.3,24,,,,152.7,,,,168.1,,,,8.4,,,,120.9,,,,2.0,,,,28.1,,,,22.5,,,,76.6,,,,133.7,,,,150.4,,,,38.5,,,,42.8,,,
01/12/1985,5.4,7.3,,,,61.9,,,,14.5,,,,15.7,,,,2.5,,,,7.7,,,,26.0,,,,1.3,,,,88.1,,,,27.4,,,,73.1,,,,6.3,,,,33.0,,,
01/01/1986,0,75.4,,,,8.3,,,,5.4,,,,0.5,,,,0.9,,,,5.3,,,,23.5,,,,1.5,,,,28.2,,,,77.5,,,,16.4,,,,3.0,,,,44.5,,,
01/02/1986,0,115.7,,,,25.3,,,,41.6,,,,10.4,,,,29.5,,,,1.5,,,,24.2,,,,114.6,,,,42.1,,,,16.0,,,,78.8,,,,1.7,,,,40.8,,,
01/03/1986,0,52.1,,,,6.5,,,,9.7,,,,4.5,,,,3.4,,,,5.7,,,,30.3,,,,23.7,,,,20.1,,,,25.1,,,,25.3,,,,10.3,,,,75.1,,,
01/04/1986,2,16.6,,,,64.9,,,,1,,,,19.6,,,,5.9,,,,4.5,,,,31.6,,,,31.3,,,,22.6,,,,69.3,,,,3.5,,,,0.6,,,,135.6,,,
01/05/1986,54.5,41.5,,,,25.3,,,,181.5,,,,139.4,,,,104.2,,,,46.1,,,,29.7,,,,39.7,,,,142.9,,,,235.6,,,,197.4,,,,96.8,,,,265.2,,,
01/06/1986,203.1,60.8,,,,93.3,,,,217.8,,,,93.6,,,,92.4,,,,109.0,,,,128.5,,,,75.0,,,,125.8,,,,198.7,,,,236.8,,,,90.8,,,,190.6,,,
01/07/1986,109.4,177.8,,,,152.2,,,,157.8,,,,121.2,,,,162.3,,,,436.8,,,,49.8,,,,272.2,,,,72.0,,,,162.1,,,,225.5,,,,134.9,,,,139.6,,,
01/08/1986,129.3,51.8,,,,76.5,,,,144.4,,,,112.5,,,,267.6,,,,186.1,,,,49.7,,,,296.4,,,,205.4,,,,54.4,,,,135.9,,,,91.0,,,,202.7,,,
01/09/1986,112.4,132.3,,,,200.6,,,,334.9,,,,118.6,,,,208.2,,,,126.9,,,,40.3,,,,78.6,,,,121.8,,,,90.3,,,,101.5,,,,116.4,,,,94.2,,,
01/10/1986,51.6,55.8,,,,144.4,,,,122,,,,12.7,,,,10.7,,,,24.1,,,,68.0,,,,50.1,,,,49.5,,,,187.4,,,,92.2,,,,46.0,,,,89.7,,,
01/11/1986,31.1,2.8,,,,30.2,,,,67.2,,,,25.8,,,,29.8,,,,16.1,,,,31.7,,,,92.7,,,,41.6,,,,90.6,,,,98.3,,,,18.6,,,,19.6,,,
01/12/1986,0.8,38.4,,,,25.6,,,,58.4,,,,5.5,,,,8.5,,,,197.8,,,,10.9,,,,76.3,,,,69.7,,,,62.5,,,,48.2,,,,1.6,,,,106.0,,,
01/01/1987,10.7,27,,,,61.8,,,,9.1,,,,45.4,,,,12.8,,,,164.0,,,,76.9,,,,27.6,,,,129.0,,,,8.1,,,,142.7,,,,35.1,,,,39.8,,,
01/02/1987,7,47.9,,,,15.5,,,,86.7,,,,9,,,,5.7,,,,46.1,,,,41.8,,,,22.5,,,,35.2,,,,6.4,,,,50.8,,,,10.4,,,,47.0,,,
01/03/1987,0.2,20.3,,,,37.9,,,,51.9,,,,7.3,,,,18.0,,,,68.1,,,,48.3,,,,17.7,,,,21.1,,,,38.9,,,,58.9,,,,34.7,,,,46.6,,,
01/04/1987,10.5,9,,,,72.1,,,,88.3,,,,59,,,,64.4,,,,54.9,,,,19.8,,,,26.5,,,,15.7,,,,113.3,,,,107.2,,,,13.2,,,,196.7,,,
01/05/1987,14.6,27.7,,,,111.3,,,,80.3,,,,87.4,,,,92.5,,,,32.1,,,,58.3,,,,27.0,,,,14.9,,,,98.7,,,,125.0,,,,201.0,,,,183.4,,,
01/06/1987,72.2,157.8,,,,73.9,,,,211.9,,,,105.6,,,,339.1,,,,65.1,,,,116.4,,,,75.8,,,,185.2,,,,91.0,,,,196.3,,,,89.4,,,,337.9,,,
01/07/1987,215.1,100.7,,,,129,,,,183.1,,,,23,,,,229.3,,,,230.1,,,,101.3,,,,154.7,,,,212.0,,,,265.9,,,,134.0,,,,115.4,,,,94.4,,,
01/08/1987,129.5,69.1,,,,142.2,,,,179.9,,,,36.2,,,,163.0,,,,181.9,,,,38.4,,,,108.5,,,,114.6,,,,246.7,,,,95.4,,,,71.6,,,,68.4,,,
01/09/1987,116.7,92.6,,,,147.9,,,,157.6,,,,201.8,,,,363.6,,,,289.7,,,,22.3,,,,66.7,,,,121.1,,,,59.9,,,,192.6,,,,121.7,,,,35.3,,,
01/10/1987,0,115.2,,,,188.7,,,,141.7,,,,5.4,,,,185.4,,,,11.9,,,,26.0,,,,8.6,,,,59.8,,,,50.9,,,,103.2,,,,111.5,,,,23.0,,,
01/11/1987,13.3,5.8,,,,75.8,,,,75.2,,,,34.1,,,,13.9,,,,21.8,,,,33.1,,,,140.1,,,,107.7,,,,69.7,,,,96.4,,,,32.2,,,,45.0,,,
01/12/1987,0,4.5,,,,41,,,,1.6,,,,7.7,,,,5.4,,,,18.7,,,,15.2,,,,161.3,,,,107.7,,,,25.9,,,,76.3,,,,5.5,,,,34.5,,,
01/01/1988,1.8,37.4,,,,9.2,,,,8.6,,,,3.6,,,,15.4,,,,94.3,,,,30.8,,,,15.9,,,,173.0,,,,42.9,,,,30.4,,,,36.0,,,,34.3,,,
01/02/1988,0,120.3,,,,17.3,,,,173.7,,,,4.9,,,,11.5,,,,28.7,,,,18.7,,,,67.6,,,,13.5,,,,110.7,,,,17.8,,,,34.1,,,,23.5,,,
01/03/1988,40.9,32.4,,,,63.3,,,,80,,,,188,,,,13.6,,,,12.6,,,,27.9,,,,47.4,,,,19.6,,,,57.4,,,,25.2,,,,2.0,,,,107.9,,,
01/04/1988,0.2,17.1,,,,59.2,,,,61.8,,,,7.3,,,,10.8,,,,6.2,,,,22.0,,,,26.6,,,,2.9,,,,145.3,,,,14.8,,,,10.7,,,,88.9,,,
01/05/1988,0,48.1,,,,81.2,,,,130.9,,,,22.6,,,,64.1,,,,64.7,,,,39.3,,,,83.8,,,,18.3,,,,144.7,,,,3.7,,,,167.1,,,,238.7,,,
01/06/1988,18.4,101.4,,,,351.6,,,,201,,,,75.8,,,,334.3,,,,39.2,,,,73.4,,,,88.8,,,,216.5,,,,133.9,,,,129.9,,,,150.0,,,,223.1,,,
01/07/1988,263.9,188.1,,,,189.6,,,,285.1,,,,72.9,,,,209.7,,,,149.3,,,,127.7,,,,69.6,,,,210.4,,,,144.4,,,,262.8,,,,78.3,,,,105.2,,,
01/08/1988,211.2,67.7,,,,170.3,,,,353.7,,,,82.5,,,,308.5,,,,172.3,,,,52.8,,,,124.1,,,,176.4,,,,78.4,,,,156.4,,,,100.6,,,,28.1,,,
01/09/1988,82.2,91,,,,172.5,,,,76.9,,,,96.2,,,,96.3,,,,174.2,,,,32.4,,,,66.4,,,,203.1,,,,69.5,,,,121.1,,,,73.0,,,,205.7,,,
01/10/1988,1.4,24.4,,,,185.6,,,,31.6,,,,61.8,,,,173.1,,,,88.1,,,,32.4,,,,35.2,,,,109.6,,,,151.1,,,,37.7,,,,17.8,,,,74.4,,,
01/11/1988,1.8,87,,,,85.5,,,,142.2,,,,96.2,,,,13.8,,,,5.7,,,,18.6,,,,31.8,,,,102.5,,,,92.4,,,,179.4,,,,85.2,,,,88.1,,,
01/12/1988,4.8,25,,,,5.4,,,,99.6,,,,5.3,,,,32.4,,,,24.3,,,,58.5,,,,94.0,,,,121.6,,,,13.9,,,,47.2,,,,39.1,,,,111.5,,,
01/01/1989,0,7.9,,,,31.6,,,,107.9,,,,8,,,,16.6,,,,30.6,,,,7.0,,,,77.3,,,,134.3,,,,26.1,,,,46.2,,,,0.3,,,,11.9,,,
01/02/1989,1.7,8.3,,,,1.4,,,,42.8,,,,39.5,,,,14.7,,,,10.5,,,,21.2,,,,243.8,,,,54.6,,,,23.9,,,,30.9,,,,61.5,,,,19.6,,,
01/03/1989,0,17.6,,,,21.5,,,,75.4,,,,8.4,,,,4.7,,,,2.1,,,,25.6,,,,74.6,,,,53.4,,,,75.7,,,,20.9,,,,2.2,,,,77.8,,,
01/04/1989,16.2,13.6,,,,86.6,,,,22.1,,,,9.3,,,,86.6,,,,7.8,,,,26.0,,,,44.3,,,,91.5,,,,134.6,,,,127.2,,,,29.5,,,,145.2,,,
01/05/1989,3.6,15.1,,,,108.9,,,,65,,,,17.3,,,,53.4,,,,0.1,,,,41.5,,,,11.8,,,,88.8,,,,228.7,,,,50.6,,,,11.2,,,,120.7,,,
01/06/1989,30.9,209.6,,,,193.1,,,,241.1,,,,97.9,,,,499.1,,,,95.9,,,,37.5,,,,30.9,,,,131.3,,,,293.0,,,,62.1,,,,121.9,,,,192.4,,,
01/07/1989,103.1,69.2,,,,176.8,,,,370.4,,,,96.8,,,,310.8,,,,260.8,,,,78.0,,,,235.0,,,,180.8,,,,252.8,,,,112.9,,,,108.7,,,,144.0,,,
01/08/1989,306.6,59.2,,,,207.8,,,,176.5,,,,137.4,,,,119.9,,,,166.8,,,,66.0,,,,94.5,,,,151.6,,,,119.9,,,,183.2,,,,19.0,,,,131.9,,,
01/09/1989,64.8,180.5,,,,129.6,,,,214,,,,54.7,,,,146.4,,,,272.7,,,,38.9,,,,129.3,,,,222.7,,,,87.7,,,,134.3,,,,119.7,,,,226.1,,,
01/10/1989,1.3,68.6,,,,85.7,,,,141,,,,119.3,,,,60.7,,,,68.7,,,,35.3,,,,59.4,,,,105.6,,,,141.9,,,,59.7,,,,5.9,,,,75.2,,,
01/11/1989,6.6,16.8,,,,207,,,,172.7,,,,23.8,,,,54.5,,,,52.9,,,,12.6,,,,200.2,,,,85.9,,,,55.3,,,,37.6,,,,2.2,,,,221.8,,,
01/12/1989,18.9,23.7,,,,85.9,,,,54,,,,28.5,,,,32.2,,,,94.6,,,,28.4,,,,84.5,,,,129.0,,,,14.0,,,,56.6,,,,54.7,,,,122.7,,,
01/01/1990,2.5,98.7,,,,10.3,,,,178.2,,,,67.7,,,,18.9,,,,48.0,,,,18.6,,,,85.3,,,,34.3,,,,15.3,,,,26.1,,,,89.2,,,,6.6,,,
01/02/1990,6.1,24.5,,,,58.4,,,,86.2,,,,4.9,,,,27.6,,,,39.0,,,,25.7,,,,104.5,,,,4.4,,,,67.9,,,,18.5,,,,56.6,,,,86.9,,,
01/03/1990,1.6,37,,,,68.6,,,,51.6,,,,10,,,,17.2,,,,40.2,,,,40.2,,,,11.3,,,,1.2,,,,26.6,,,,16.5,,,,27.4,,,,68.9,,,
01/04/1990,1,29.8,,,,131.7,,,,10.7,,,,33.5,,,,0.4,,,,3.6,,,,13.5,,,,70.8,,,,18.4,,,,43.4,,,,41.9,,,,0.0,,,,72.0,,,
01/05/1990,47.1,32.6,,,,61.7,,,,47.9,,,,74.4,,,,20.0,,,,0.1,,,,49.2,,,,28.7,,,,57.3,,,,186.0,,,,32.4,,,,64.8,,,,224.7,,,
01/06/1990,67.6,92.2,,,,163.8,,,,239.1,,,,116,,,,193.2,,,,60.3,,,,57.8,,,,99.3,,,,135.8,,,,175.9,,,,117.3,,,,188.3,,,,226.9,,,
01/07/1990,160.5,76.7,,,,197.9,,,,155.7,,,,102.8,,,,332.5,,,,233.1,,,,157.3,,,,224.2,,,,259.4,,,,191.3,,,,293.5,,,,91.6,,,,93.5,,,
01/08/1990,210.6,218,,,,88.9,,,,93.7,,,,141.6,,,,178.3,,,,283.2,,,,36.2,,,,124.9,,,,120.6,,,,225.9,,,,73.6,,,,129.3,,,,92.6,,,
01/09/1990,158.8,95.1,,,,111.9,,,,121.1,,,,59.9,,,,180.9,,,,203.3,,,,49.2,,,,120.8,,,,154.2,,,,117.9,,,,18.1,,,,23.6,,,,89.3,,,
01/10/1990,166.3,39.8,,,,82.6,,,,159.5,,,,77.2,,,,50.4,,,,107.4,,,,26.7,,,,14.7,,,,87.2,,,,186.6,,,,218.2,,,,62.6,,,,54.4,,,
01/11/1990,0,35.9,,,,59.6,,,,159.1,,,,32.8,,,,18.0,,,,55.8,,,,12.5,,,,190.3,,,,155.9,,,,47.0,,,,174.9,,,,74.3,,,,119.9,,,
01/12/1990,0,20.1,,,,29.9,,,,139.2,,,,23.8,,,,22.7,,,,38.6,,,,29.4,,,,31.5,,,,162.9,,,,46.4,,,,20.2,,,,4.0,,,,41.3,,,
01/01/1991,0,6.9,,,,52.7,,,,22.7,,,,7.4,,,,8.9,,,,69.4,,,,12.3,,,,52.4,,,,15.9,,,,14.0,,,,62.4,,,,84.3,,,,10.9,,,
01/02/1991,7.7,2.4,,,,24.2,,,,3.5,,,,9.2,,,,16.7,,,,15.6,,,,17.1,,,,92.3,,,,11.2,,,,29.0,,,,23.0,,,,0.3,,,,18.7,,,
01/03/1991,0,18.2,,,,41.3,,,,18.5,,,,4.1,,,,6.1,,,,9.5,,,,9.1,,,,111.4,,,,16.0,,,,86.2,,,,50.1,,,,32.9,,,,165.7,,,
01/04/1991,0,18.2,,,,31.2,,,,54.4,,,,12.4,,,,71.2,,,,13.9,,,,17.8,,,,43.5,,,,97.7,,,,31.8,,,,84.1,,,,0.7,,,,122.8,,,
01/05/1991,0.9,91.1,,,,109.9,,,,88,,,,19.7,,,,108.7,,,,21.7,,,,71.1,,,,41.2,,,,138.6,,,,64.5,,,,15.4,,,,80.3,,,,360.0,,,
01/06/1991,48.5,140.8,,,,244.6,,,,53,,,,168,,,,259.3,,,,0.2,,,,29.7,,,,44.5,,,,138.0,,,,51.5,,,,124.0,,,,199.0,,,,135.8,,,
01/07/1991,376.4,104.5,,,,303.3,,,,176.8,,,,70.7,,,,147.3,,,,231.2,,,,104.1,,,,243.7,,,,126.4,,,,142.8,,,,98.3,,,,120.6,,,,84.7,,,
01/08/1991,90.4,121.4,,,,151.7,,,,73.3,,,,75.9,,,,197.1,,,,230.7,,,,38.8,,,,156.1,,,,107.3,,,,160.6,,,,95.0,,,,167.7,,,,125.9,,,
01/09/1991,102.9,106.8,,,,48,,,,221.4,,,,67.5,,,,77.2,,,,240.2,,,,19.8,,,,179.9,,,,119.3,,,,29.2,,,,52.4,,,,136.5,,,,78.8,,,
01/10/1991,9.3,40,,,,137.7,,,,25.7,,,,96.8,,,,15.6,,,,7.9,,,,28.9,,,,83.5,,,,166.2,,,,70.7,,,,167.1,,,,58.2,,,,69.7,,,
01/11/1991,13.8,67.3,,,,66.6,,,,131.7,,,,8.5,,,,27.6,,,,57.7,,,,33.4,,,,95.7,,,,54.8,,,,179.3,,,,187.3,,,,37.0,,,,59.9,,,
01/12/1991,19.9,27.4,,,,40.5,,,,55.5,,,,140.8,,,,20.2,,,,117.6,,,,72.5,,,,86.7,,,,23.6,,,,40.8,,,,106.5,,,,28.1,,,,15.1,,,
01/01/1992,142.3,66.2,,,,8.4,,,,158.7,,,,10,,,,9.1,,,,10.1,,,,35.6,,,,26.0,,,,23.7,,,,71.1,,,,6.1,,,,65.0,,,,36.0,,,
01/02/1992,21.3,12.6,,,,9.6,,,,112.5,,,,23.1,,,,46.3,,,,50.4,,,,29.9,,,,112.9,,,,111.1,,,,7.3,,,,12.5,,,,30.8,,,,39.3,,,
01/03/1992,3.3,55,,,,38.9,,,,23.5,,,,16.4,,,,11.1,,,,164.5,,,,46.9,,,,57.6,,,,46.3,,,,14.8,,,,5.5,,,,48.1,,,,98.2,,,
01/04/1992,17.4,33.1,,,,36,,,,26.6,,,,8.7,,,,18.2,,,,27.0,,,,39.6,,,,56.8,,,,51.3,,,,117.4,,,,15.0,,,,87.8,,,,117.5,,,
01/05/1992,52.2,62,,,,174.7,,,,83.7,,,,27.4,,,,185.3,,,,117.6,,,,10.3,,,,39.8,,,,60.8,,,,119.2,,,,96.0,,,,169.6,,,,132.1,,,
01/06/1992,75,84.9,,,,61.8,,,,307.1,,,,184,,,,303.8,,,,110.1,,,,64.0,,,,40.9,,,,107.3,,,,179.5,,,,89.6,,,,123.7,,,,274.9,,,
01/07/1992,169.1,46,,,,144,,,,181.6,,,,172.6,,,,138.6,,,,285.6,,,,51.1,,,,111.2,,,,186.6,,,,218.7,,,,178.0,,,,72.9,,,,85.3,,,
01/08/1992,95.2,88.3,,,,152.3,,,,143.5,,,,134,,,,250.8,,,,256.7,,,,43.0,,,,146.1,,,,95.2,,,,134.1,,,,189.0,,,,77.0,,,,31.7,,,
01/09/1992,47.6,53.1,,,,87.2,,,,18.8,,,,98.3,,,,59.8,,,,249.6,,,,35.2,,,,216.5,,,,161.2,,,,168.6,,,,119.7,,,,192.8,,,,61.7,,,
01/10/1992,110.4,28.1,,,,112.2,,,,118.8,,,,22.4,,,,16.3,,,,44.4,,,,47.6,,,,35.1,,,,156.6,,,,151.3,,,,145.7,,,,34.7,,,,170.1,,,
01/11/1992,17.8,36.4,,,,40.3,,,,126.5,,,,8.7,,,,107.0,,,,17.1,,,,14.4,,,,163.2,,,,110.2,,,,145.5,,,,190.6,,,,13.7,,,,54.6,,,
01/12/1992,10.5,55.1,,,,32.6,,,,2.6,,,,9.9,,,,30.8,,,,15.3,,,,50.6,,,,178.6,,,,48.4,,,,9.7,,,,40.3,,,,62.2,,,,57.9,,,
01/01/1993,7.8,22.1,,,,52.3,,,,66.1,,,,2.6,,,,63.3,,,,86.2,,,,81.3,,,,156.3,,,,137.4,,,,53.2,,,,6.4,,,,11.8,,,,146.8,,,
01/02/1993,0,15,,,,56.2,,,,89,,,,44.3,,,,96.8,,,,2.9,,,,28.7,,,,81.6,,,,47.0,,,,26.0,,,,46.0,,,,42.5,,,,15.8,,,
01/03/1993,0.3,21.8,,,,55.2,,,,4.2,,,,2.1,,,,34.5,,,,19.3,,,,26.1,,,,95.5,,,,29.4,,,,14.1,,,,9.3,,,,9.0,,,,86.2,,,
01/04/1993,5.3,22.4,,,,85.9,,,,0.1,,,,3.2,,,,10.6,,,,0.2,,,,70.4,,,,60.3,,,,40.5,,,,34.9,,,,11.4,,,,50.2,,,,107.7,,,
01/05/1993,10.2,42.5,,,,51.4,,,,118.4,,,,27.7,,,,144.3,,,,14.6,,,,43.7,,,,71.6,,,,107.3,,,,9.0,,,,48.8,,,,112.9,,,,97.1,,,
01/06/1993,71.5,25.6,,,,128.8,,,,309.8,,,,166.5,,,,168.6,,,,224.3,,,,124.3,,,,82.0,,,,76.7,,,,6.4,,,,223.5,,,,113.0,,,,225.9,,,
01/07/1993,204.8,254.8,,,,178.7,,,,294.2,,,,153.1,,,,408.6,,,,144.2,,,,65.9,,,,93.0,,,,167.0,,,,172.5,,,,279.9,,,,160.5,,,,93.8,,,
01/08/1993,93,214.6,,,,212.5,,,,179.9,,,,56,,,,40.3,,,,120.3,,,,84.6,,,,128.2,,,,257.0,,,,98.0,,,,81.7,,,,146.9,,,,104.1,,,
01/09/1993,191,56.1,,,,120.2,,,,159.2,,,,151.4,,,,298.5,,,,113.1,,,,53.6,,,,46.1,,,,133.9,,,,180.2,,,,77.1,,,,84.7,,,,82.4,,,
01/10/1993,54.8,78.9,,,,121.1,,,,181.4,,,,54.7,,,,33.4,,,,70.5,,,,23.4,,,,77.9,,,,68.8,,,,124.9,,,,49.3,,,,37.5,,,,63.1,,,
01/11/1993,2.6,13.3,,,,214.1,,,,41.2,,,,100.1,,,,14.9,,,,2.5,,,,34.1,,,,172.4,,,,145.1,,,,49.3,,,,29.6,,,,5.9,,,,56.4,,,
01/12/1993,0,27,,,,43.3,,,,7.2,,,,24,,,,12.3,,,,5.5,,,,38.7,,,,31.7,,,,183.8,,,,18.7,,,,11.1,,,,30.1,,,,7.7,,,
01/01/1994,0,152.6,,,,16.4,,,,241.5,,,,51.2,,,,13.0,,,,12.7,,,,43.6,,,,62.6,,,,51.5,,,,96.8,,,,39.6,,,,10.8,,,,2.9,,,
01/02/1994,0,170,,,,32.3,,,,40.3,,,,31.6,,,,9.6,,,,6.9,,,,10.5,,,,116.5,,,,100.7,,,,31.2,,,,46.3,,,,60.4,,,,11.2,,,
01/03/1994,0,17.6,,,,12.1,,,,20.6,,,,6.5,,,,5.3,,,,35.9,,,,10.4,,,,100.2,,,,41.1,,,,12.6,,,,5.5,,,,3.8,,,,99.9,,,
01/04/1994,22.5,11,,,,31.9,,,,36.2,,,,4.9,,,,8.1,,,,18.2,,,,40.8,,,,52.4,,,,35.5,,,,78.0,,,,20.3,,,,2.6,,,,105.1,,,
01/05/1994,5.5,104.6,,,,81.9,,,,15.7,,,,29.3,,,,70.4,,,,297.0,,,,60.7,,,,41.9,,,,26.7,,,,144.8,,,,56.7,,,,44.9,,,,284.6,,,
01/06/1994,171.6,111,,,,118,,,,278.6,,,,90.5,,,,190.3,,,,202.7,,,,219.6,,,,182.2,,,,280.6,,,,91.9,,,,171.8,,,,130.2,,,,164.3,,,
01/07/1994,87.9,115.5,,,,86.5,,,,296.4,,,,114.5,,,,234.7,,,,201.7,,,,76.9,,,,279.3,,,,197.4,,,,302.3,,,,192.9,,,,82.7,,,,247.2,,,
01/08/1994,209.5,12.9,,,,248.3,,,,92.5,,,,72.8,,,,136.9,,,,94.4,,,,70.4,,,,222.7,,,,122.4,,,,111.7,,,,147.6,,,,142.1,,,,136.8,,,
01/09/1994,124,156.9,,,,160.6,,,,70,,,,141.6,,,,66.9,,,,96.9,,,,51.9,,,,3.0,,,,262.0,,,,33.0,,,,73.2,,,,133.3,,,,61.5,,,
01/10/1994,29.2,19,,,,224.5,,,,152.1,,,,9.9,,,,78.6,,,,1.0,,,,24.7,,,,16.8,,,,118.2,,,,36.6,,,,150.5,,,,6.8,,,,66.1,,,
01/11/1994,0,16.8,,,,103.5,,,,179.8,,,,1.8,,,,6.1,,,,7.6,,,,11.7,,,,163.2,,,,118.9,,,,39.1,,,,122.3,,,,1.9,,,,74.0,,,
01/12/1994,0,45.9,,,,12.5,,,,140.2,,,,3.3,,,,11.1,,,,19.9,,,,16.5,,,,260.5,,,,97.5,,,,35.0,,,,21.3,,,,12.6,,,,48.4,,,
01/01/1995,1.5,5.8,,,,66.5,,,,160.3,,,,4.2,,,,8.0,,,,4.3,,,,51.8,,,,76.3,,,,88.4,,,,7.4,,,,87.2,,,,128.8,,,,10.1,,,
01/02/1995,1.5,18.6,,,,24.1,,,,106.6,,,,14.1,,,,15.1,,,,11.3,,,,23.9,,,,180.1,,,,55.7,,,,31.8,,,,12.3,,,,0.3,,,,8.8,,,
01/03/1995,0,4.8,,,,74.8,,,,127.7,,,,40.7,,,,0.5,,,,18.0,,,,32.4,,,,13.1,,,,35.6,,,,78.6,,,,16.9,,,,10.7,,,,20.1,,,
01/04/1995,0.4,39.2,,,,25.2,,,,19.4,,,,14.6,,,,24.7,,,,12.4,,,,16.1,,,,120.5,,,,31.7,,,,124.4,,,,7.6,,,,16.0,,,,20.6,,,
01/05/1995,25.5,81.3,,,,49.5,,,,18.5,,,,41,,,,153.3,,,,2.7,,,,30.8,,,,91.4,,,,12.0,,,,54.1,,,,10.8,,,,187.1,,,,220.4,,,
01/06/1995,75.4,99.7,,,,95,,,,162.3,,,,147.7,,,,131.1,,,,29.0,,,,136.7,,,,19.4,,,,42.5,,,,92.8,,,,156.9,,,,145.9,,,,184.3,,,
01/07/1995,240.2,101,,,,215.4,,,,381,,,,101.8,,,,211.0,,,,252.2,,,,92.5,,,,272.2,,,,247.5,,,,263.4,,,,78.3,,,,195.1,,,,122.5,,,
01/08/1995,243.2,20.8,,,,164.4,,,,56.6,,,,31.6,,,,373.7,,,,196.7,,,,16.7,,,,229.3,,,,185.2,,,,43.6,,,,77.2,,,,192.0,,,,99.3,,,
01/09/1995,88,302.7,,,,42.2,,,,334.3,,,,90,,,,538.9,,,,180.7,,,,49.9,,,,55.7,,,,257.6,,,,49.5,,,,31.8,,,,124.1,,,,56.7,,,
01/10/1995,3,136.1,,,,38.3,,,,116,,,,51.1,,,,71.5,,,,17.8,,,,19.8,,,,146.8,,,,37.0,,,,81.8,,,,75.1,,,,17.1,,,,93.5,,,
01/11/1995,3.7,37.6,,,,158.9,,,,72.4,,,,12.3,,,,18.4,,,,15.0,,,,45.8,,,,43.1,,,,79.6,,,,98.5,,,,96.8,,,,15.9,,,,27.6,,,
01/12/1995,15,5.9,,,,9,,,,174,,,,210.5,,,,2.0,,,,32.5,,,,56.8,,,,113.7,,,,72.2,,,,24.7,,,,21.7,,,,8.5,,,,87.0,,,
01/01/1996,0,0.1,,,,13.6,,,,273.2,,,,5.9,,,,42.4,,,,95.7,,,,12.2,,,,179.4,,,,19.1,,,,17.7,,,,26.4,,,,2.6,,,,9.2,,,
01/02/1996,0,25.1,,,,9.4,,,,72.6,,,,21.2,,,,5.5,,,,22.7,,,,20.3,,,,89.2,,,,17.9,,,,88.9,,,,83.6,,,,1.2,,,,72.6,,,
01/03/1996,0,18.6,,,,8.5,,,,58.4,,,,25.7,,,,17.4,,,,22.7,,,,30.5,,,,49.6,,,,50.7,,,,129.9,,,,28.7,,,,19.5,,,,71.8,,,
01/04/1996,0,44.7,,,,43.1,,,,0.6,,,,19.7,,,,5.6,,,,2.2,,,,30.5,,,,178.7,,,,18.9,,,,117.2,,,,75.9,,,,39.5,,,,91.8,,,
01/05/1996,10.5,92.7,,,,58.3,,,,22.7,,,,158,,,,36.1,,,,12.9,,,,86.0,,,,95.7,,,,278.4,,,,89.8,,,,69.1,,,,157.7,,,,181.5,,,
01/06/1996,90.1,68.8,,,,178.5,,,,93.8,,,,209.6,,,,331.1,,,,262.9,,,,106.5,,,,101.2,,,,181.0,,,,149.3,,,,93.8,,,,87.3,,,,175.3,,,
01/07/1996,81,92.4,,,,168.1,,,,315.8,,,,131.3,,,,433.8,,,,339.1,,,,32.1,,,,196.2,,,,180.0,,,,326.3,,,,120.2,,,,69.9,,,,102.8,,,
01/08/1996,202.8,27.9,,,,188.6,,,,177,,,,47.4,,,,337.5,,,,283.8,,,,47.7,,,,161.7,,,,191.5,,,,224.8,,,,153.6,,,,188.1,,,,198.5,,,
01/09/1996,118.4,67.8,,,,137,,,,158.2,,,,134.3,,,,347.8,,,,151.6,,,,66.3,,,,43.5,,,,223.5,,,,101.1,,,,50.5,,,,87.7,,,,122.1,,,
01/10/1996,63.1,165.2,,,,133.3,,,,130.1,,,,7,,,,80.9,,,,83.4,,,,39.7,,,,103.5,,,,72.7,,,,182.5,,,,160.7,,,,45.9,,,,98.4,,,
01/11/1996,0,8,,,,127.5,,,,20.6,,,,13.3,,,,35.5,,,,53.1,,,,42.5,,,,94.2,,,,230.1,,,,55.5,,,,214.7,,,,4.5,,,,104.8,,,
01/12/1996,0,35.7,,,,44.7,,,,139.4,,,,3.3,,,,37.9,,,,199.5,,,,31.2,,,,96.9,,,,78.9,,,,33.0,,,,14.1,,,,30.8,,,,91.0,,,
01/01/1997,2.3,15.1,,,,23.5,,,,185,,,,0.2,,,,7.0,,,,33.7,,,,44.2,,,,79.7,,,,32.5,,,,47.8,,,,2.7,,,,31.3,,,,39.0,,,
01/02/1997,4.8,18.5,,,,129.8,,,,13.2,,,,2,,,,3.3,,,,28.0,,,,45.1,,,,75.8,,,,35.8,,,,50.3,,,,49.5,,,,10.8,,,,24.8,,,
01/03/1997,43,20.7,,,,35.4,,,,38.2,,,,0.1,,,,2.9,,,,25.0,,,,8.8,,,,37.2,,,,23.1,,,,53.2,,,,9.4,,,,10.7,,,,71.1,,,
01/04/1997,46.5,7.4,,,,51.2,,,,21,,,,18.6,,,,6.5,,,,39.1,,,,14.0,,,,77.4,,,,26.4,,,,36.0,,,,65.2,,,,17.5,,,,215.0,,,
01/05/1997,25.9,111.8,,,,129.8,,,,99.1,,,,163.9,,,,29.2,,,,37.0,,,,33.9,,,,32.9,,,,31.1,,,,102.1,,,,114.4,,,,14.2,,,,132.4,,,
01/06/1997,73.2,161.1,,,,234,,,,197,,,,129.4,,,,141.2,,,,113.5,,,,108.6,,,,70.2,,,,126.2,,,,159.5,,,,170.2,,,,77.3,,,,249.2,,,
01/07/1997,105.2,123.1,,,,162.1,,,,340.3,,,,65.3,,,,326.6,,,,200.8,,,,96.4,,,,171.9,,,,188.4,,,,113.8,,,,175.0,,,,78.5,,,,102.1,,,
01/08/1997,69.8,108.8,,,,22.6,,,,140.2,,,,187.8,,,,304.0,,,,169.8,,,,26.7,,,,144.6,,,,160.5,,,,142.2,,,,124.7,,,,88.4,,,,86.6,,,
01/09/1997,15.1,165,,,,116.6,,,,159.3,,,,112.7,,,,207.3,,,,254.0,,,,21.0,,,,35.8,,,,116.1,,,,249.9,,,,172.8,,,,141.2,,,,64.3,,,
01/10/1997,62.6,34.1,,,,136,,,,56.8,,,,66.8,,,,25.8,,,,26.9,,,,24.9,,,,27.1,,,,81.9,,,,182.3,,,,153.8,,,,101.3,,,,116.1,,,
01/11/1997,12,19.4,,,,116.7,,,,48.1,,,,40.5,,,,49.2,,,,66.3,,,,21.6,,,,12.3,,,,71.1,,,,193.8,,,,129.7,,,,9.0,,,,236.0,,,
01/12/1997,0,44.8,,,,37.9,,,,353.1,,,,39.5,,,,32.1,,,,120.1,,,,14.3,,,,81.2,,,,168.4,,,,118.0,,,,33.8,,,,55.4,,,,79.4,,,
01/01/1998,0,87.1,,,,16.2,,,,141,,,,3.1,,,,6.4,,,,37.8,,,,37.9,,,,142.4,,,,18.1,,,,101.0,,,,22.4,,,,81.4,,,,24.4,,,
01/02/1998,0.8,39.1,,,,6.1,,,,11.1,,,,4.8,,,,11.0,,,,2.2,,,,45.6,,,,119.6,,,,16.3,,,,88.7,,,,6.3,,,,168.1,,,,19.8,,,
01/03/1998,0,30.6,,,,34.1,,,,51.2,,,,15,,,,10.1,,,,32.0,,,,8.9,,,,89.6,,,,3.6,,,,22.3,,,,19.3,,,,2.9,,,,69.7,,,
01/04/1998,0,56.9,,,,13.9,,,,10.2,,,,76.5,,,,31.4,,,,42.3,,,,26.7,,,,23.2,,,,8.9,,,,70.2,,,,44.3,,,,69.8,,,,118.9,,,
01/05/1998,1.2,83.9,,,,15.3,,,,48.2,,,,95.6,,,,90.7,,,,3.1,,,,42.3,,,,41.7,,,,46.1,,,,192.4,,,,49.6,,,,68.7,,,,275.7,,,
01/06/1998,126,208.6,,,,213.2,,,,87.7,,,,200.5,,,,604.9,,,,7.7,,,,87.5,,,,128.4,,,,80.1,,,,63.7,,,,234.9,,,,26.2,,,,244.8,,,
01/07/1998,197.1,37.7,,,,112.7,,,,252.6,,,,70.8,,,,360.1,,,,273.8,,,,107.3,,,,317.2,,,,194.3,,,,166.3,,,,88.0,,,,51.9,,,,98.1,,,
01/08/1998,226.1,105.5,,,,79.6,,,,361.9,,,,159.9,,,,381.1,,,,224.3,,,,43.6,,,,336.1,,,,186.8,,,,280.0,,,,107.7,,,,196.7,,,,129.1,,,
01/09/1998,182.1,120.7,,,,101.3,,,,175.3,,,,62.6,,,,128.9,,,,106.5,,,,25.5,,,,136.0,,,,180.3,,,,78.8,,,,196.0,,,,90.9,,,,145.8,,,
01/10/1998,112.3,50.7,,,,94.8,,,,4.4,,,,7.6,,,,32.7,,,,74.1,,,,35.8,,,,18.2,,,,161.9,,,,72.4,,,,161.1,,,,128.7,,,,136.4,,,
01/11/1998,0,16.5,,,,196.8,,,,19.2,,,,6.4,,,,53.6,,,,24.9,,,,26.7,,,,33.5,,,,103.1,,,,87.6,,,,138.5,,,,29.5,,,,128.9,,,
01/12/1998,0,0.3,,,,50.6,,,,22.4,,,,42.2,,,,9.3,,,,5.4,,,,12.4,,,,32.2,,,,92.0,,,,28.0,,,,29.3,,,,33.1,,,,32.3,,,
01/01/1999,0,12.2,,,,107.4,,,,83.7,,,,12.7,,,,15.4,,,,17.2,,,,73.9,,,,63.8,,,,50.7,,,,61.8,,,,43.7,,,,13.9,,,,25.9,,,
01/02/1999,0.3,10.6,,,,10.1,,,,22.7,,,,115.6,,,,15.8,,,,32.7,,,,124.7,,,,118.1,,,,43.1,,,,54.0,,,,3.5,,,,1.2,,,,31.2,,,
01/03/1999,2,27.2,,,,11.8,,,,3.9,,,,39.8,,,,10.8,,,,34.8,,,,41.2,,,,75.9,,,,14.5,,,,28.3,,,,27.3,,,,0.5,,,,23.4,,,
01/04/1999,0,37.8,,,,59.8,,,,6.3,,,,14.8,,,,19.5,,,,1.9,,,,69.2,,,,9.8,,,,29.4,,,,19.7,,,,3.3,,,,36.6,,,,135.1,,,
01/05/1999,27,79.4,,,,72.6,,,,35.6,,,,68.5,,,,93.8,,,,7.3,,,,118.2,,,,39.5,,,,94.0,,,,176.8,,,,49.8,,,,56.2,,,,215.5,,,
01/06/1999,171.1,193.9,,,,125.3,,,,227.8,,,,126.2,,,,236.4,,,,154.7,,,,70.0,,,,40.3,,,,157.2,,,,51.7,,,,209.2,,,,184.3,,,,225.7,,,
01/07/1999,168.4,31.2,,,,150.5,,,,210.2,,,,82.5,,,,263.0,,,,350.1,,,,33.1,,,,209.8,,,,124.0,,,,205.3,,,,81.5,,,,82.8,,,,123.2,,,
01/08/1999,109.2,82.1,,,,115.6,,,,262.4,,,,87.8,,,,509.4,,,,323.4,,,,59.6,,,,82.5,,,,83.8,,,,141.4,,,,92.3,,,,126.3,,,,100.8,,,
01/09/1999,29,94.5,,,,74.5,,,,270.9,,,,85,,,,80.6,,,,154.4,,,,44.3,,,,60.4,,,,260.3,,,,97.4,,,,86.4,,,,49.7,,,,131.3,,,
01/10/1999,0,21,,,,91.9,,,,101.4,,,,29.3,,,,153.0,,,,87.9,,,,23.5,,,,102.4,,,,90.3,,,,67.0,,,,111.4,,,,73.6,,,,202.0,,,
01/11/1999,0,71,,,,182.8,,,,146.9,,,,8.1,,,,19.2,,,,137.2,,,,12.2,,,,76.7,,,,126.8,,,,61.6,,,,19.9,,,,16.5,,,,193.0,,,
01/12/1999,1.5,38.7,,,,33.1,,,,15.4,,,,125.7,,,,26.7,,,,21.9,,,,77.2,,,,31.1,,,,21.0,,,,46.7,,,,0.8,,,,10.4,,,,92.6,,,
01/01/2000,0,237.9,,,,19.2,,,,87.1,,,,23.3,,,,1.6,,,,129.1,,,,22.4,,,,41.8,,,,87.1,,,,50.2,,,,4.4,,,,79.5,,,,89.7,,,
01/02/2000,0,54,,,,43.2,,,,46.8,,,,5.9,,,,10.6,,,,2.2,,,,36.3,,,,173.8,,,,48.6,,,,7.9,,,,16.2,,,,2.0,,,,54.9,,,
01/03/2000,0,70.4,,,,38.8,,,,3.2,,,,8.5,,,,25.6,,,,16.0,,,,19.0,,,,14.2,,,,27.4,,,,35.7,,,,7.8,,,,30.9,,,,19.0,,,
01/04/2000,0,36,,,,45.1,,,,10,,,,22.2,,,,113.5,,,,44.9,,,,96.2,,,,21.3,,,,28.1,,,,22.1,,,,2.6,,,,60.0,,,,64.7,,,
01/05/2000,56.6,146,,,,127.6,,,,39.8,,,,8.1,,,,306.4,,,,154.4,,,,68.5,,,,80.7,,,,45.8,,,,198.0,,,,20.8,,,,107.1,,,,173.3,,,
01/06/2000,107.2,159.9,,,,191.7,,,,103.2,,,,170.5,,,,387.8,,,,83.2,,,,60.5,,,,130.6,,,,111.3,,,,130.2,,,,115.3,,,,90.8,,,,176.0,,,
01/07/2000,96.9,149.5,,,,176.2,,,,402,,,,140.3,,,,232.5,,,,339.9,,,,39.7,,,,202.8,,,,169.7,,,,24.1,,,,145.7,,,,59.7,,,,153.9,,,
01/08/2000,127.6,86.1,,,,128.1,,,,156.8,,,,96.2,,,,174.0,,,,251.1,,,,60.3,,,,145.0,,,,84.5,,,,233.8,,,,116.5,,,,147.5,,,,116.5,,,
01/09/2000,95.7,123,,,,144.7,,,,51.5,,,,61.2,,,,317.8,,,,194.2,,,,52.9,,,,62.8,,,,168.6,,,,69.4,,,,104.3,,,,94.7,,,,86.4,,,
01/10/2000,1.2,23.5,,,,131,,,,43.8,,,,31.4,,,,15.2,,,,11.8,,,,47.3,,,,70.8,,,,82.0,,,,126.0,,,,146.1,,,,35.5,,,,20.1,,,
01/11/2000,2,8.1,,,,87.6,,,,20.8,,,,4,,,,54.8,,,,7.0,,,,30.2,,,,170.0,,,,95.7,,,,134.2,,,,148.1,,,,5.1,,,,28.3,,,
01/12/2000,11.1,13,,,,91.6,,,,73,,,,75.1,,,,11.8,,,,33.8,,,,37.8,,,,35.8,,,,182.6,,,,44.0,,,,32.9,,,,1.7,,,,8.0,,,
01/01/2001,0,3,,,,77.8,,,,64.3,,,,3.2,,,,16.0,,,,108.3,,,,36.9,,,,253.4,,,,216.6,,,,12.0,,,,103.9,,,,150.6,,,,6.7,,,
01/02/2001,0,9.4,,,,52.7,,,,2.9,,,,0.4,,,,17.4,,,,53.0,,,,66.3,,,,53.9,,,,31.3,,,,39.1,,,,25.1,,,,15.6,,,,24.7,,,
01/03/2001,3.2,4,,,,48,,,,36.7,,,,8.7,,,,8.2,,,,4.3,,,,18.8,,,,58.9,,,,55.5,,,,110.6,,,,7.3,,,,57.1,,,,80.4,,,
01/04/2001,17,9.1,,,,105.2,,,,26.5,,,,29.6,,,,4.1,,,,1.6,,,,59.0,,,,60.6,,,,15.3,,,,95.6,,,,81.2,,,,27.0,,,,160.8,,,
01/05/2001,41.7,42.3,,,,120.9,,,,20.4,,,,65.3,,,,18.3,,,,26.7,,,,29.2,,,,64.3,,,,120.4,,,,125.3,,,,47.6,,,,122.6,,,,241.9,,,
01/06/2001,141.4,102.5,,,,50.6,,,,236,,,,234.1,,,,307.1,,,,259.5,,,,63.9,,,,115.6,,,,175.0,,,,178.6,,,,76.8,,,,120.0,,,,223.7,,,
01/07/2001,256.3,47,,,,183.8,,,,121.3,,,,106.7,,,,427.1,,,,161.8,,,,25.4,,,,172.5,,,,258.6,,,,116.5,,,,123.4,,,,97.9,,,,86.2,,,
01/08/2001,211.2,51.4,,,,157.7,,,,172.5,,,,23.3,,,,316.2,,,,263.0,,,,41.6,,,,139.0,,,,212.9,,,,109.2,,,,274.9,,,,134.0,,,,93.9,,,
01/09/2001,145.5,105.1,,,,59.4,,,,163.4,,,,130.2,,,,170.6,,,,57.3,,,,27.7,,,,47.5,,,,102.0,,,,70.6,,,,62.6,,,,71.3,,,,63.8,,,
01/10/2001,19.1,27.6,,,,88.3,,,,148.6,,,,46.9,,,,7.6,,,,26.3,,,,32.2,,,,5.7,,,,212.9,,,,125.2,,,,70.0,,,,59.7,,,,23.8,,,
01/11/2001,0,7.1,,,,173.1,,,,103.2,,,,30.8,,,,9.4,,,,26.0,,,,9.2,,,,141.9,,,,57.7,,,,108.3,,,,194.0,,,,2.7,,,,34.9,,,
01/12/2001,1.5,9,,,,27.5,,,,128.2,,,,0.2,,,,44.8,,,,14.5,,,,10.3,,,,39.7,,,,73.2,,,,4.0,,,,16.6,,,,9.4,,,,89.4,,,
01/01/2002,35.1,10.1,,,,35.5,,,,113,,,,22.2,,,,17.9,,,,30.7,,,,70.4,,,,68.7,,,,120.7,,,,1.4,,,,17.5,,,,29.1,,,,16.8,,,
01/02/2002,17.3,15,,,,7.6,,,,25.2,,,,4.4,,,,2.5,,,,8.6,,,,12.1,,,,29.0,,,,104.0,,,,27.5,,,,25.2,,,,25.8,,,,6.1,,,
01/03/2002,0,48.6,,,,15.6,,,,39.2,,,,9.6,,,,13.9,,,,30.4,,,,21.1,,,,88.0,,,,60.0,,,,56.7,,,,16.5,,,,31.7,,,,60.7,,,
01/04/2002,12.4,33.5,,,,69.8,,,,34.3,,,,40.2,,,,21.6,,,,43.9,,,,31.1,,,,120.7,,,,5.4,,,,63.2,,,,20.0,,,,104.1,,,,188.3,,,
01/05/2002,34.8,62.5,,,,57.2,,,,14.1,,,,120.9,,,,70.2,,,,25.2,,,,28.5,,,,42.8,,,,75.3,,,,176.1,,,,210.5,,,,139.9,,,,276.5,,,
01/06/2002,123.1,134.6,,,,93.3,,,,219.1,,,,155.3,,,,348.4,,,,407.1,,,,98.2,,,,77.1,,,,206.3,,,,136.3,,,,219.7,,,,290.4,,,,166.8,,,
01/07/2002,224.2,208.1,,,,157.1,,,,190.1,,,,41.1,,,,310.7,,,,266.2,,,,94.7,,,,242.1,,,,142.6,,,,135.5,,,,199.4,,,,103.9,,,,78.5,,,
01/08/2002,267.5,52.9,,,,203.5,,,,203,,,,51.9,,,,116.3,,,,155.4,,,,42.7,,,,131.8,,,,252.7,,,,82.1,,,,135.7,,,,88.2,,,,173.0,,,
01/09/2002,159.2,117.2,,,,79.5,,,,203.4,,,,85.9,,,,71.5,,,,326.7,,,,38.6,,,,39.2,,,,150.8,,,,159.6,,,,104.5,,,,40.7,,,,50.1,,,
01/10/2002,45.4,36.9,,,,44.7,,,,138.1,,,,13.7,,,,9.5,,,,23.3,,,,26.2,,,,17.5,,,,82.7,,,,72.8,,,,105.2,,,,107.1,,,,73.0,,,
01/11/2002,41,22.5,,,,144.2,,,,155.7,,,,8.8,,,,14.0,,,,46.3,,,,26.8,,,,22.1,,,,82.5,,,,95.2,,,,111.0,,,,9.9,,,,153.9,,,
01/12/2002,0,56.3,,,,24.9,,,,101.4,,,,1.2,,,,55.6,,,,10.4,,,,38.2,,,,95.6,,,,136.3,,,,21.1,,,,64.6,,,,18.9,,,,146.5,,,
01/01/2003,10,0.2,,,,19.3,,,,109.2,,,,44.6,,,,14.9,,,,14.4,,,,18.6,,,,8.5,,,,43.1,,,,68.4,,,,36.0,,,,163.3,,,,113.3,,,
01/02/2003,1,2.2,,,,3.5,,,,19.4,,,,7.3,,,,38.8,,,,77.9,,,,37.4,,,,13.9,,,,13.1,,,,14.2,,,,6.8,,,,78.5,,,,47.8,,,
01/03/2003,0,8.3,,,,0.5,,,,51.2,,,,6.6,,,,5.9,,,,14.9,,,,13.6,,,,64.5,,,,10.3,,,,105.3,,,,80.4,,,,0.0,,,,8.6,,,
01/04/2003,4,5.3,,,,1.2,,,,32,,,,8.3,,,,3.6,,,,10.7,,,,42.1,,,,7.8,,,,64.5,,,,13.1,,,,2.6,,,,37.8,,,,75.3,,,
01/05/2003,12,76.7,,,,30.5,,,,201.1,,,,34,,,,64.0,,,,59.8,,,,72.9,,,,43.2,,,,114.4,,,,158.3,,,,53.7,,,,109.4,,,,98.4,,,
01/06/2003,233,65.6,,,,105.1,,,,155.2,,,,199.5,,,,171.5,,,,59.3,,,,86.7,,,,35.8,,,,142.0,,,,16.6,,,,121.1,,,,128.4,,,,218.9,,,
01/07/2003,330.6,137.7,,,,226,,,,316.2,,,,49.7,,,,343.2,,,,314.8,,,,59.1,,,,292.8,,,,103.7,,,,97.8,,,,103.8,,,,32.3,,,,169.6,,,
01/08/2003,200.5,97,,,,149.7,,,,242.8,,,,68.7,,,,142.7,,,,203.3,,,,77.0,,,,128.6,,,,178.6,,,,124.8,,,,198.2,,,,128.4,,,,156.9,,,
01/09/2003,271.6,144.2,,,,75.5,,,,277.7,,,,48.4,,,,340.3,,,,266.8,,,,37.5,,,,71.7,,,,234.6,,,,148.8,,,,161.7,,,,111.1,,,,88.8,,,
01/10/2003,49.6,15.3,,,,153.3,,,,155,,,,40.4,,,,112.0,,,,130.8,,,,38.2,,,,14.7,,,,81.7,,,,157.5,,,,156.4,,,,66.5,,,,22.6,,,
01/11/2003,0,22.8,,,,66.4,,,,61.2,,,,116,,,,30.7,,,,21.4,,,,15.9,,,,19.4,,,,37.5,,,,84.2,,,,115.2,,,,17.4,,,,28.5,,,
01/12/2003,0,2.3,,,,75.2,,,,59.6,,,,3,,,,19.0,,,,13.8,,,,15.0,,,,68.6,,,,69.7,,,,102.9,,,,21.6,,,,25.2,,,,101.6,,,
01/01/2004,47,35.2,,,,5,,,,45.7,,,,36.9,,,,10.9,,,,27.5,,,,44.7,,,,40.3,,,,58.1,,,,34.6,,,,28.6,,,,16.6,,,,5.0,,,
01/02/2004,0.3,12.6,,,,11.7,,,,29,,,,95.5,,,,7.7,,,,61.4,,,,4.9,,,,150.2,,,,8.4,,,,48.5,,,,23.8,,,,88.0,,,,74.3,,,
01/03/2004,29.8,36.3,,,,59.9,,,,66.8,,,,28.7,,,,13.9,,,,1.6,,,,11.6,,,,124.6,,,,23.1,,,,26.7,,,,13.9,,,,144.1,,,,69.7,,,
01/04/2004,0.5,52.5,,,,7.4,,,,24.6,,,,15.1,,,,26.7,,,,23.1,,,,16.7,,,,60.0,,,,6.2,,,,61.5,,,,73.4,,,,13.2,,,,103.5,,,
01/05/2004,47,74.7,,,,40.5,,,,60.5,,,,131,,,,370.9,,,,9.5,,,,70.3,,,,31.5,,,,69.0,,,,156.2,,,,152.0,,,,169.4,,,,294.5,,,
01/06/2004,257.8,73.8,,,,87.2,,,,221.9,,,,95.1,,,,469.9,,,,168.6,,,,60.0,,,,111.4,,,,218.6,,,,26.2,,,,187.9,,,,179.6,,,,208.1,,,
01/07/2004,119.4,132.2,,,,267.2,,,,287.8,,,,135.1,,,,175.0,,,,148.8,,,,52.1,,,,127.2,,,,156.9,,,,341.9,,,,175.1,,,,87.0,,,,44.6,,,
01/08/2004,232.3,43.4,,,,128.8,,,,186.4,,,,54.9,,,,312.6,,,,275.1,,,,39.2,,,,230.6,,,,144.4,,,,283.9,,,,157.8,,,,110.2,,,,96.6,,,
01/09/2004,177,49.2,,,,131.6,,,,83.7,,,,209.7,,,,85.0,,,,175.1,,,,51.5,,,,5.0,,,,223.0,,,,21.1,,,,140.8,,,,114.5,,,,116.8,,,
01/10/2004,18.3,50,,,,124,,,,113.2,,,,61.4,,,,206.0,,,,30.9,,,,24.9,,,,20.1,,,,105.2,,,,165.4,,,,95.6,,,,121.3,,,,86.5,,,
01/11/2004,29.8,16.4,,,,267.4,,,,93.8,,,,22.7,,,,33.6,,,,22.5,,,,41.3,,,,106.9,,,,52.5,,,,139.6,,,,59.8,,,,37.8,,,,146.9,,,
01/12/2004,15.7,51.7,,,,141.6,,,,92,,,,11.2,,,,53.6,,,,23.0,,,,45.9,,,,5.3,,,,70.2,,,,75.0,,,,31.9,,,,12.9,,,,137.4,,,
01/01/2005,1.5,76.3,,,,27,,,,44.3,,,,57.2,,,,22.0,,,,6.1,,,,20.7,,,,108.9,,,,62.5,,,,70.1,,,,20.6,,,,22.0,,,,27.7,,,
01/02/2005,23.7,12.3,,,,24,,,,56.5,,,,20.9,,,,26.0,,,,4.0,,,,32.4,,,,83.9,,,,57.7,,,,21.4,,,,22.6,,,,4.4,,,,100.1,,,
01/03/2005,20.3,19,,,,27.3,,,,9,,,,25,,,,1.3,,,,1.5,,,,61.3,,,,77.3,,,,21.4,,,,19.4,,,,23.8,,,,0.5,,,,61.4,,,
01/04/2005,1,54.7,,,,34.9,,,,8.4,,,,56.2,,,,5.0,,,,21.5,,,,30.2,,,,91.0,,,,47.7,,,,19.8,,,,0.6,,,,14.0,,,,79.2,,,
01/05/2005,0,160.2,,,,37.7,,,,28.2,,,,70.4,,,,53.1,,,,6.0,,,,31.3,,,,28.6,,,,79.8,,,,126.6,,,,5.4,,,,216.6,,,,126.5,,,
01/06/2005,0.7,54.7,,,,160.5,,,,92.3,,,,195.7,,,,195.6,,,,213.5,,,,81.2,,,,62.9,,,,70.4,,,,170.2,,,,108.1,,,,191.8,,,,245.0,,,
01/07/2005,115.6,77.9,,,,252.8,,,,87.8,,,,57.8,,,,200.8,,,,370.8,,,,99.7,,,,185.8,,,,216.6,,,,200.2,,,,161.1,,,,112.4,,,,118.7,,,
01/08/2005,214.5,116.4,,,,173.7,,,,264.6,,,,76.4,,,,100.3,,,,345.1,,,,20.9,,,,56.6,,,,199.2,,,,342.1,,,,102.6,,,,153.7,,,,96.4,,,
01/09/2005,36.2,32.8,,,,92,,,,73.1,,,,65,,,,146.6,,,,112.6,,,,18.6,,,,82.4,,,,242.3,,,,229.4,,,,74.7,,,,109.5,,,,106.8,,,
01/10/2005,10.2,188.4,,,,31.9,,,,102.1,,,,16.5,,,,157.6,,,,10.0,,,,34.9,,,,56.1,,,,191.2,,,,49.5,,,,204.9,,,,39.1,,,,166.9,,,
01/11/2005,0.3,75.2,,,,77.5,,,,8.7,,,,11.7,,,,78.1,,,,17.5,,,,12.3,,,,15.9,,,,90.8,,,,43.4,,,,81.2,,,,40.5,,,,29.1,,,
01/12/2005,0,46.1,,,,23.9,,,,137,,,,15.2,,,,97.2,,,,9.4,,,,31.8,,,,25.0,,,,81.3,,,,38.5,,,,23.7,,,,30.5,,,,54.6,,,
01/01/2006,16,,11.8,,17.9,,9.6,37.9,50.6,,1.5,31.3,3.9,,4.9,,,,6.5,,35.9,,51.6,33.3,27.5,,27.8,74.0,26.1,,74.8,,93.6,,36.8,38.8,49.6,,38.3,51.2,74.4,,65.9,38.1,99.7,,12.4,,23.4,,26.0,29.4,29.5
01/02/2006,0,,91.4,,68.4,,25.1,34.4,53.4,,56.1,29.2,9.4,,0.2,,,,1.8,,5.3,,4.9,1.9,1.7,,11.1,29.0,166.9,,42.8,,31.9,,11.5,36.6,63.8,,11.6,9.8,9.4,,8.3,7.4,105.1,,135.6,,23.2,,49.9,13.0,5.8
01/03/2006,2,,26,,26.2,,65.6,31.7,47.6,,10.3,17.6,6.3,,12.5,,,,23.4,,5.7,,21.2,0.5,12.6,,27.0,12.8,50.1,,126.8,,46.9,,7.9,14.5,25.3,,52.8,34.9,61.0,,43.0,102.4,16.7,,31.3,,24.9,,50.3,35.7,103.3
01/04/2006,8.7,,50.7,,5.5,,20.6,4.2,42.4,,26.1,166.7,18,,38.6,,,,8.8,,0.5,,0.3,2.7,92.0,,15.7,37.8,12.7,,22.9,,5.8,,9.4,17.1,53.4,,134.4,92.4,281.1,,29.3,17.7,8.9,,153.5,,36.4,,124.6,68.3,117.8
01/05/2006,105.5,,42.5,,78,,33.9,24.6,45.6,,52,102.9,9.8,,66.4,,,,58.0,,24.7,,5.1,9.3,50.0,,32.0,25.9,42.2,,29.4,,38.3,,167.8,154.3,267.0,,185.4,191.9,155.3,,141.8,64.4,42.3,,57.4,,126.2,,250.7,289.5,220.5
01/06/2006,10.4,,41.1,,106,,95.4,113.8,138.3,,279.7,242.1,184.9,,122.6,,,,109.6,,165.0,,179.0,112.9,271.3,,55.8,36.7,82.0,,70.7,,39.0,,261.2,181.3,181.2,,235.0,182.4,128.3,,107.2,236.3,103.6,,180.4,,111.1,,187.6,212.8,190.0
01/07/2006,118.2,,32.2,,75.3,,96.3,79.6,170,,168.9,176.4,359.6,,57.5,,,,161.8,,224.7,,196.5,96.6,239.5,,82.5,114.3,62.9,,73.4,,118.5,,138.4,247.3,113.0,,385.7,74.2,266.7,,166.4,170.4,193.4,,122.8,,110.6,,139.3,84.3,150.7
01/08/2006,221.3,,35.9,,257.3,,127.7,168.5,90.7,,225.9,223.3,184,,131.4,,,,239.4,,80.1,,112.5,341.8,192.1,,34.9,19.9,114.0,,141.0,,198.7,,186.3,133.6,154.0,,79.2,258.6,220.7,,105.0,186.4,141.6,,102.5,,40.2,,193.9,156.9,128.5
01/09/2006,67.3,,164.3,,112.7,,176.6,109.9,67.9,,218.9,188.2,144.5,,82.9,,,,217.0,,170.7,,178.3,191.5,160.9,,33.2,22.4,57.0,,62.1,,43.4,,181.5,120.7,174.1,,264.0,61.6,27.5,,130.6,173.5,259.9,,82.5,,94.8,,58.5,87.8,171.4
01/10/2006,92.2,,64.6,,43.1,,198,81.7,229.6,,92.8,44.2,199.6,,38.1,,,,131.3,,148.0,,6.0,152.0,153.7,,23.9,22.2,29.9,,71.3,,31.6,,42.7,35.8,131.6,,160.5,52.0,86.2,,111.4,167.4,69.3,,22.3,,12.5,,182.8,29.5,37.9
01/11/2006,2.5,,53,,11.7,,28.2,50.2,82.6,,43,85.7,22.7,,10.4,,,,41.0,,29.3,,20.8,28.5,4.3,,13.5,15.4,33.6,,33.7,,116.4,,111.2,85.9,31.7,,142.2,30.8,138.1,,119.3,112.9,84.7,,0.1,,5.7,,126.0,103.5,51.4
01/12/2006,20.8,,3.5,,215.7,,29.2,24.2,57.2,,13.9,8.8,75.1,,92.5,,,,30.1,,5.3,,3.9,10.5,69.4,,22.4,25.2,9.9,,65.5,,154.7,,270.3,65.3,96.1,,4.0,39.7,10.0,,43.7,62.2,96.1,,46.3,,4.1,,15.3,29.9,35.6
01/01/2007,23.4,,1.3,,32.3,,16.6,55.2,11.1,,65.2,166.4,88.4,,83.2,,,,6.9,,14.8,,28.4,16.4,11.8,,22.2,21.8,28.5,,117.0,,82.8,,23.6,28.9,113.7,,28.5,11.3,35.8,,17.3,12.3,9.7,,6.8,,14.7,,22.3,53.7,6.0
01/02/2007,22.6,,27.1,,4.2,,24.4,3.7,88.4,,99.6,15.4,42.3,,15.6,,,,47.0,,8.4,,3.5,17.0,4.3,,53.6,15.2,124.5,,24.0,,46.1,,34.4,30.4,38.8,,11.5,31.1,83.8,,42.4,2.7,15.0,,4.7,,7.1,,39.5,57.8,47.7
01/03/2007,4,,43,,25.2,,105,21.4,9.5,,3.2,22.1,62.1,,7.7,,,,11.6,,9.8,,6.6,29.4,71.8,,13.3,82.5,22.8,,53.0,,28.0,,16.8,5.4,25.9,,16.4,28.4,58.0,,5.9,55.5,25.1,,5.6,,57.2,,50.9,91.6,138.0
01/04/2007,28.3,,52,,13,,47.8,48.4,53.7,,1.6,32.5,5.1,,13,,,,97.7,,27.5,,18.7,7.2,3.0,,16.9,19.8,42.7,,38.5,,29.9,,77.3,50.6,19.9,,82.2,105.8,69.0,,47.8,76.1,29.2,,47.0,,141.4,,163.5,165.4,145.6
01/05/2007,12.1,,125.2,,70.4,,112.3,44.4,128.6,,10.1,6.1,70,,118.8,,,,71.0,,45.1,,25.8,18.7,76.3,,40.2,57.7,27.6,,53.9,,24.1,,197.2,22.9,54.7,,2.4,178.9,213.3,,123.3,199.4,7.8,,130.5,,99.1,,199.2,116.8,122.1
01/06/2007,255.1,,90.5,,145,,127.5,92.7,168.9,,253,37.2,129.1,,164.3,,,,244.4,,181.4,,96.2,44.2,187.5,,139.0,79.7,68.5,,147.9,,54.2,,250.5,140.2,153.8,,155.1,193.7,182.8,,89.9,123.4,146.9,,176.6,,116.5,,175.4,222.1,300.8
01/07/2007,217.5,,90.3,,152.3,,158.4,98.1,257,,86.6,269.5,104.2,,84,,,,260.7,,427.7,,184.8,136.6,216.3,,110.6,98.8,35.6,,306.3,,206.3,,100.9,137.1,184.7,,147.9,222.2,91.0,,141.7,237.1,276.5,,162.7,,88.7,,93.2,138.8,95.5
01/08/2007,93.1,,34.1,,15.2,,93.6,137.1,185.3,,224.4,206.3,161.4,,79,,,,245.4,,136.4,,176.2,266.1,208.9,,52.2,26.6,53.1,,212.0,,268.9,,146.6,211.5,148.9,,170.9,228.2,216.4,,86.2,212.5,121.3,,215.6,,113.6,,127.4,152.0,82.0
01/09/2007,116.2,,173.5,,239.9,,79,120.9,109.3,,91.3,185.8,269.3,,122.7,,,,95.0,,309.4,,140.9,188.7,166.4,,77.6,56.2,68.0,,106.8,,86.5,,187.6,148.3,108.3,,201.8,23.8,72.5,,140.0,128.7,126.4,,106.3,,97.9,,108.8,17.2,171.6
01/10/2007,26.2,,32.1,,12.8,,95,116,92.8,,58.3,122.8,230.5,,103.1,,,,32.9,,3.3,,83.3,19.9,102.2,,35.5,19.4,28.7,,19.5,,9.3,,71.2,282.7,146.6,,95.9,101.5,76.2,,273.3,207.1,117.8,,31.8,,117.2,,164.9,75.2,126.3
01/11/2007,11.5,,50.4,,7.2,,128.8,123.3,138.1,,205.9,55.6,119.4,,97.9,,,,22.4,,16.5,,31.9,102.0,62.8,,80.6,23.6,20.1,,30.4,,70.8,,74.8,106.7,31.2,,58.1,180.8,32.2,,73.3,91.5,170.7,,11.2,,16.7,,56.0,50.5,112.4
01/12/2007,0,,4.6,,127.3,,48,44.6,23.5,,87,229.7,122.6,,130,,,,10.5,,29.2,,18.5,13.8,16.1,,34.6,26.6,200.2,,53.6,,19.9,,38.6,83.1,30.2,,11.7,75.9,65.7,,3.6,4.3,19.8,,23.9,,31.9,,127.8,46.0,129.5
01/01/2008,11,,153.8,,37.2,,62.8,26.7,2,,20.9,219.5,72.9,,42.8,,,,16.7,,6.0,,180.9,39.4,22.7,,24.3,102.2,25.5,,68.7,,10.9,,79.7,26.0,71.3,,5.0,99.9,44.2,,68.9,48.6,14.9,,5.1,,2.6,,25.9,85.7,25.5
01/02/2008,0,,45.1,,97.9,,25.4,14.2,6.7,,36.3,40.5,58,,65.2,,,,9.6,,25.6,,14.2,88.8,1.7,,84.0,8.9,58.1,,124.3,,18.6,,12.4,42.9,12.7,,59.9,53.9,28.2,,11.9,23.5,10.0,,34.6,,3.7,,20.9,136.2,50.0
01/03/2008,0,,46.5,,2.9,,27.6,44.8,12.3,,8.8,17.7,23.5,,22.2,,,,10.6,,35.3,,4.6,66.0,48.1,,65.7,33.4,52.0,,32.5,,33.8,,0.3,35.8,3.6,,53.2,26.7,84.8,,24.0,32.6,4.8,,21.3,,0.1,,38.9,30.7,92.0
01/04/2008,4,,40,,17.4,,5.3,130.4,8.7,,28.8,43.5,13.3,,60.1,,,,19.1,,12.8,,28.4,67.9,36.7,,16.3,24.2,26.1,,24.7,,18.9,,99.3,14.0,20.3,,62.8,43.4,47.8,,9.7,68.7,7.0,,1.8,,16.5,,113.8,41.5,68.5
01/05/2008,11.5,,52.1,,90.6,,24.6,145.3,35.5,,72.2,19.3,51.3,,32.2,,,,91.0,,388.1,,25.2,16.6,40.2,,47.6,125.3,44.6,,48.3,,18.1,,74.0,29.3,26.2,,189.5,155.9,132.9,,9.2,29.5,174.3,,100.2,,90.0,,174.2,76.9,195.1
01/06/2008,122.4,,55,,70.2,,114.5,188.5,69.1,,169.8,58,207.4,,98.2,,,,202.8,,314.6,,238.5,302.9,256.3,,73.1,43.8,108.9,,23.7,,91.5,,214.4,219.3,158.1,,207.5,48.7,119.7,,89.8,72.7,178.1,,119.1,,73.0,,177.6,284.4,255.2
01/07/2008,268.8,,301.4,,84.1,,67.7,204.5,185.1,,150.8,130.2,194.2,,145.4,,,,284.9,,122.3,,169.1,231.8,609.9,,147.7,80.2,111.3,,142.0,,185.9,,267.9,153.5,236.9,,49.7,310.6,252.4,,90.0,201.4,150.2,,84.8,,60.0,,120.8,106.1,64.0
01/08/2008,251.5,,98.6,,109.5,,129.8,185.4,181.2,,145.7,154.3,414.3,,92.4,,,,198.8,,182.8,,330.8,176.4,357.6,,41.7,29.7,23.5,,231.8,,81.7,,196.9,146.4,153.8,,362.6,147.1,120.1,,33.1,191.4,103.1,,102.0,,98.0,,138.9,57.0,64.9
01/09/2008,69.2,,57.3,,114.1,,44.8,125.3,208.1,,124.4,188.8,115.2,,69.6,,,,211.0,,256.2,,262.0,186.1,220.8,,20.6,20.8,44.2,,39.7,,129.5,,189.0,139.8,121.9,,153.4,188.4,270.1,,66.3,95.4,167.9,,69.4,,60.5,,56.3,16.3,38.5
01/10/2008,29.5,,199.4,,29.9,,99.7,172.2,49.2,,56.7,69.2,68.9,,42.2,,,,58.0,,33.1,,26.1,85.6,30.0,,30.4,25.2,54.3,,59.3,,10.8,,34.0,79.9,99.9,,109.4,96.5,135.5,,125.1,202.2,89.9,,48.0,,153.9,,91.5,144.3,116.9
01/11/2008,0,,12.9,,6.4,,62.7,86.7,64,,35.7,26.1,55.3,,4.4,,,,9.3,,26.8,,1.0,27.5,10.5,,27.3,24.1,42.1,,160.9,,83.2,,120.3,164.3,185.2,,90.3,102.5,69.5,,48.1,96.5,73.5,,31.9,,147.6,,43.8,121.1,18.0
01/12/2008,0,,14.2,,15.6,,47.5,35.6,9.6,,133.4,59.7,25.6,,6.3,,,,18.9,,24.5,,150.9,16.1,55.8,,15.8,17.4,6.2,,179.7,,128.8,,200.6,54.4,42.0,,95.9,45.1,58.9,,30.4,40.0,33.8,,38.3,,78.4,,12.5,61.5,60.4
01/01/2009,4,,51.8,,19.4,,43.4,17.6,14.2,,13.2,78.6,47.9,,7.5,,,,3.2,,134.5,,112.9,23.3,16.7,,15.2,88.1,28.4,,40.4,,52.1,,117.0,44.0,50.1,,33.1,52.4,23.7,,7.0,28.7,27.7,,23.3,,8.6,,4.2,24.0,26.9
01/02/2009,0,,32.9,,26.3,,54.5,7.9,2.2,,46.8,3.7,57.1,,19.8,,,,15.0,,27.7,,188.1,45.5,20.7,,24.2,94.1,8.6,,52.5,,45.0,,8.1,14.0,41.9,,28.4,74.1,113.1,,11.7,33.9,20.4,,12.5,,5.5,,18.0,14.1,41.8
01/03/2009,7.4,,10.1,,38.1,,26.9,23.9,27.2,,18.7,40.1,66.2,,31.8,,,,19.0,,4.4,,17.1,3.2,0.2,,112.4,18.1,25.7,,24.4,,59.1,,25.3,56.0,16.5,,16.0,34.5,46.1,,25.8,25.3,5.7,,7.1,,5.3,,53.8,55.4,40.7
01/04/2009,4,,24.5,,13.3,,44.4,9.2,8.7,,1.3,3.3,90,,23.8,,,,23.1,,2.8,,1.1,6.0,1.8,,25.4,63.6,30.0,,53.6,,20.7,,12.3,65.8,0.9,,122.7,161.8,38.7,,5.3,79.0,10.5,,104.9,,16.4,,152.4,93.2,132.6
01/05/2009,22,,62,,34.1,,43.6,57.4,26.1,,57.9,41.7,91.1,,42.3,,,,108.0,,23.0,,15.3,7.5,4.3,,35.0,60.4,61.7,,53.1,,78.9,,83.6,179.0,24.0,,194.7,131.1,172.7,,68.4,102.8,48.4,,60.5,,101.3,,225.4,124.6,246.3
01/06/2009,144.4,,139.4,,52.9,,91.3,115.3,120.9,,238.4,174.1,81.8,,177.3,,,,114.6,,265.9,,127.4,259.3,75.2,,53.9,152.3,99.5,,23.7,,56.4,,164.6,125.2,199.4,,160.8,146.8,47.7,,99.9,206.3,94.3,,97.2,,169.3,,220.5,230.6,165.1
01/07/2009,50.4,,142.6,,74,,53.5,168.3,218.4,,207,259.4,169.1,,94.7,,,,263.8,,271.1,,323.3,268.2,297.0,,21.2,38.6,117.0,,143.6,,163.9,,254.5,118.4,224.0,,247.7,207.8,38.1,,92.6,167.2,174.2,,84.3,,81.6,,139.9,76.7,104.4
01/08/2009,100,,99.9,,79.5,,185.1,87.3,222.4,,177.8,129.1,256.6,,43,,,,114.4,,358.3,,168.2,205.8,435.5,,80.1,46.1,87.3,,207.2,,192.1,,154.6,190.4,213.5,,226.2,204.8,67.4,,143.0,83.9,191.2,,96.2,,145.3,,110.2,187.8,169.3
01/09/2009,267.4,,182.7,,214.6,,143.6,50.1,200.6,,140.5,166,118.8,,44.6,,,,136.6,,111.9,,163.3,340.8,234.2,,32.2,49.7,77.8,,100.6,,54.8,,240.4,168.0,238.1,,205.1,164.9,205.6,,169.8,105.6,84.9,,121.4,,127.2,,123.1,71.9,109.5
01/10/2009,74.4,,72.4,,24.6,,43.4,116.9,49.3,,50.1,56.9,191,,47.8,,,,99.0,,29.2,,89.1,6.4,82.6,,15.3,28.8,22.3,,26.0,,73.3,,71.9,86.3,42.2,,92.5,92.4,205.5,,154.9,114.6,72.9,,105.6,,48.2,,134.4,100.9,94.1
01/11/2009,0.2,,3.6,,14.7,,8.9,101.4,41,,109.3,2.7,25.1,,9.2,,,,57.0,,17.2,,77.8,88.8,30.8,,35.8,51.9,14.3,,131.8,,55.7,,69.9,210.6,105.7,,27.3,52.4,85.1,,23.7,42.2,21.6,,20.2,,55.9,,32.2,27.6,60.3
01/12/2009,10,,3.6,,26.6,,26,26.1,18.5,,41.9,3.4,10.9,,48.4,,,,7.9,,14.8,,25.3,43.5,8.1,,7.1,40.3,58.0,,115.4,,62.3,,126.2,142.0,34.7,,54.2,71.4,54.1,,52.1,61.4,39.9,,48.1,,44.5,,79.6,6.7,9.4
01/01/2010,39.8,,41.2,,26.4,,54.5,57.4,47.8,,123.3,19.3,117.3,,15.5,,,,59.8,,8.8,,15.7,26.1,14.0,,64.9,23.8,20.9,,51.5,,136.8,,21.2,37.2,91.0,,43.5,15.3,131.1,,12.4,34.9,7.1,,70.2,,61.1,,33.0,8.9,7.0
01/02/2010,167.2,,64.5,,7.7,,2,43,3,,50.2,46.7,93.4,,72.6,,,,83.4,,27.2,,15.9,1.2,11.2,,37.5,15.9,32.6,,13.7,,136.0,,125.9,62.8,78.1,,20.9,76.7,8.2,,35.7,1.0,91.9,,77.5,,92.0,,49.7,34.8,63.9
01/03/2010,0,,39.5,,35.4,,17.1,10.1,3.4,,59.5,4.2,81.3,,4.7,,,,3.9,,4.7,,44.3,58.8,19.6,,21.4,75.5,28.4,,6.7,,41.1,,17.4,27.0,45.5,,34.6,32.9,9.9,,3.7,45.2,11.1,,16.1,,59.9,,82.3,30.3,81.2
01/04/2010,2,,24.6,,7.2,,58.7,3.4,2.4,,52,19.6,46.1,,3.7,,,,11.6,,2.9,,18.2,14.3,28.2,,7.7,13.2,22.7,,109.5,,43.8,,7.1,13.0,5.5,,117.1,127.3,75.4,,14.9,17.7,50.4,,31.0,,50.0,,173.3,145.9,87.5
01/05/2010,21.2,,23.7,,39.8,,15.8,81.5,7,,39.2,97.3,142,,110.5,,,,44.7,,44.7,,36.9,6.5,84.2,,61.6,63.4,31.9,,33.6,,43.0,,114.7,32.0,11.1,,200.3,110.6,163.9,,66.3,56.1,113.3,,167.2,,113.2,,186.6,255.5,33.6
01/06/2010,28.1,,65.5,,72.2,,87,172.6,34.7,,119.7,60.8,442.1,,135,,,,242.4,,281.1,,217.0,164.2,200.8,,69.0,113.4,42.4,,107.4,,120.2,,245.1,266.8,102.0,,313.3,159.1,193.2,,241.5,114.0,169.1,,192.4,,246.0,,221.1,346.0,270.8
01/07/2010,310,,212.2,,122.9,,171.1,97.2,208.6,,149.2,68.3,298.1,,49.4,,,,410.7,,254.2,,137.7,300.1,278.8,,53.8,82.2,29.7,,156.8,,167.2,,177.6,165.5,301.5,,302.1,57.9,244.7,,116.2,182.5,123.6,,75.8,,108.9,,192.2,154.0,207.4
01/08/2010,143.2,,237.8,,55.6,,55.4,153.7,120.8,,122.8,112.7,145.6,,217.1,,,,176.4,,130.3,,323.0,377.2,275.3,,20.4,67.7,31.4,,261.2,,171.2,,168.9,185.5,201.2,,120.4,320.6,275.2,,173.2,103.0,156.7,,165.0,,101.3,,60.9,98.9,32.9
01/09/2010,186.3,,312.8,,56.6,,110.4,144.2,160.2,,96.3,83.8,322.7,,58.7,,,,324.1,,120.9,,148.6,169.6,127.2,,36.6,44.6,30.8,,43.8,,110.0,,147.9,212.2,183.0,,137.1,115.6,41.3,,78.2,47.0,32.9,,118.3,,72.5,,56.4,141.4,118.7
01/10/2010,0,,41.9,,7.6,,131.8,135.7,147.3,,52,75.1,126.3,,157.1,,,,91.8,,61.8,,71.0,7.7,99.3,,30.1,18.2,20.7,,40.8,,132.2,,115.1,87.0,64.1,,114.7,98.3,63.3,,106.9,93.7,105.7,,50.6,,23.8,,67.0,84.0,28.0
01/11/2010,0,,20.6,,26.5,,100.9,53.2,121.9,,113.2,13.9,184.9,,110.3,,,,54.3,,29.7,,36.5,143.4,12.9,,19.3,15.7,15.4,,50.7,,83.1,,24.2,35.2,209.8,,117.2,18.7,39.0,,113.6,123.5,168.5,,25.4,,12.1,,100.7,118.5,12.6
01/12/2010,0,,19.9,,74.3,,53.7,69.3,5.7,,149.1,81,65.6,,21.9,,,,15.0,,13.3,,60.2,69.1,25.5,,57.8,15.1,30.4,,31.8,,24.6,,178.3,90.9,70.1,,39.9,78.5,40.3,,58.6,36.7,51.5,,58.5,,42.7,,92.4,136.2,183.6
01/01/2011,0.5,,32.9,,46.4,,32.9,59.7,48,,11.2,173.2,140.1,,1.2,,,,39.5,,17.0,,73.5,47.8,18.1,,23.8,9.8,41.5,,30.6,,220.5,,88.6,66.1,41.6,,110.8,11.4,47.0,,29.8,14.9,22.4,,105.0,,35.2,,15.8,44.2,13.6
01/02/2011,0,,15,,29.6,,46.2,4.8,2.9,,21.4,43.9,82.3,,4.2,,,,47.2,,68.8,,151.6,3.3,28.9,,23.2,12.2,12.7,,131.5,,106.3,,8.7,64.3,21.6,,71.8,112.1,31.2,,21.7,0.7,34.9,,14.8,,30.6,,7.1,5.7,15.5
01/03/2011,0,,107.9,,21.8,,2.6,43,2,,4.3,23.3,8.3,,25.8,,,,18.9,,6.7,,25.7,32.7,23.6,,112.0,24.3,72.0,,57.7,,62.6,,32.2,21.6,45.3,,14.7,14.6,8.7,,50.3,20.6,42.1,,2.9,,23.7,,52.3,56.4,82.9
01/04/2011,8.7,,63.1,,39.6,,76.4,158.3,5.6,,1.6,0.1,34.1,,12,,,,47.1,,5.0,,1.0,29.8,11.8,,17.7,13.3,49.8,,24.3,,50.8,,32.5,112.2,93.1,,77.9,71.9,71.1,,74.9,119.6,7.2,,0.2,,68.3,,127.9,119.5,125.4
01/05/2011,1.2,,74.1,,49.7,,18.6,115.8,8,,35.6,24,48,,24.8,,,,168.8,,16.9,,12.7,11.8,1.0,,56.3,15.4,61.1,,118.0,,108.1,,189.7,141.1,235.8,,84.1,189.8,122.4,,169.8,27.7,60.3,,64.7,,33.3,,290.4,265.7,106.3
01/06/2011,35.7,,87.2,,39.4,,191.5,238,174.3,,104.3,139.2,113.7,,213.8,,,,152.4,,55.2,,307.8,49.4,402.6,,89.0,46.9,100.4,,97.6,,105.2,,264.2,155.1,172.6,,91.3,88.5,107.6,,174.5,151.5,197.8,,181.6,,203.5,,150.6,175.4,241.4
01/07/2011,87,,51.1,,85.1,,198.5,180.1,283.6,,397.5,217,299.6,,25.1,,,,283.6,,170.8,,274.9,325.4,122.0,,169.0,78.2,70.8,,208.8,,202.4,,206.2,100.8,219.0,,343.4,298.2,278.6,,182.3,156.6,166.2,,77.9,,97.9,,37.3,95.2,202.9
01/08/2011,96,,97.7,,35.2,,165.7,113.2,106.5,,239.8,235.4,180.7,,98.6,,,,41.0,,130.3,,342.4,312.4,230.2,,18.8,81.1,60.3,,105.7,,107.0,,225.2,83.6,195.2,,90.9,205.5,83.4,,154.7,129.3,179.1,,70.4,,152.0,,140.5,82.3,195.1
01/09/2011,103.2,,161.2,,36.5,,62.7,193.1,57,,101.9,272.5,122.5,,75.1,,,,52.7,,233.8,,233.6,400.0,192.6,,28.3,25.2,28.3,,30.7,,74.3,,229.2,199.3,236.1,,113.1,68.2,79.7,,92.2,77.1,140.8,,64.1,,160.3,,70.4,40.4,79.7
01/10/2011,20.4,,15.7,,138.9,,151.2,116.3,74.3,,117.6,67.2,256.2,,50.8,,,,240.0,,20.5,,115.5,8.5,68.4,,23.3,18.2,28.1,,53.4,,86.7,,136.1,157.6,97.5,,70.9,240.3,108.1,,94.2,101.6,194.6,,51.3,,110.0,,63.5,9.1,234.6
01/11/2011,0,,14.9,,9.1,,84,104.6,67.8,,50.9,46.7,68,,7.7,,,,132.3,,27.3,,6.9,14.2,91.6,,31.6,20.9,13.0,,73.8,,105.5,,180.6,31.6,73.8,,51.1,65.8,58.4,,58.4,89.5,215.7,,55.9,,4.3,,54.5,126.2,127.3
01/12/2011,0,,3.3,,68.1,,54.7,22,13.7,,159.2,124,47.8,,33,,,,17.1,,4.5,,28.7,74.9,156.0,,8.8,22.5,13.1,,174.3,,76.3,,31.0,79.5,65.8,,14.3,124.1,166.9,,10.5,19.2,23.5,,100.2,,0.6,,97.6,34.9,18.4
01/01/2012,4,,9.1,,58.5,,51.7,14.3,9.6,,63.6,14.6,9.5,,31.2,,,,49.7,,8.0,,104.6,2.9,62.6,,45.4,74.2,47.7,,143.0,,182.4,,54.1,32.6,28.3,,7.5,13.7,133.1,,30.8,24.4,38.8,,20.3,,26.7,,17.6,61.5,29.3
01/02/2012,75.2,,16.6,,1.9,,42.3,44.8,45.4,,32.1,13.2,54.1,,27.6,,,,4.8,,26.7,,4.6,25.3,36.3,,50.9,31.1,47.7,,21.4,,46.1,,54.3,87.9,5.8,,13.7,3.8,80.6,,53.4,69.1,32.1,,113.6,,7.7,,22.2,40.8,17.2
01/03/2012,0,,10.9,,7.2,,36.1,52.5,13.7,,10.5,41.6,25,,23.3,,,,6.4,,9.1,,26.5,29.5,0.8,,53.7,48.3,20.6,,17.9,,135.7,,84.9,9.8,13.0,,150.9,85.0,48.9,,2.5,21.7,13.4,,13.5,,39.2,,58.4,46.9,13.3
01/04/2012,0,,75.8,,34.7,,19,14,9.7,,51.4,1.4,33.2,,16.5,,,,21.6,,66.6,,8.1,60.2,58.0,,28.5,16.6,14.2,,16.8,,81.9,,42.6,48.5,14.8,,50.9,172.0,32.2,,4.1,68.4,132.4,,10.8,,40.5,,190.2,158.6,67.3
01/05/2012,5.5,,112.3,,93.7,,43.9,136.1,83.5,,126.1,48.7,169.8,,26.6,,,,78.4,,148.2,,8.9,63.4,22.9,,21.2,57.7,55.4,,41.7,,39.3,,46.4,103.0,28.1,,157.6,105.7,302.2,,8.9,51.1,88.1,,73.9,,87.5,,272.9,258.8,190.3
01/06/2012,88.8,,107.3,,50.4,,192.6,173.6,286.3,,115.5,246.3,373.2,,184.1,,,,347.4,,256.4,,110.7,50.5,39.3,,168.4,83.1,114.1,,59.1,,141.8,,139.1,214.7,144.3,,201.8,193.6,168.6,,174.9,89.9,181.8,,157.0,,53.6,,357.8,165.9,275.0
01/07/2012,306.4,,31.5,,42.4,,194.7,190.1,205.2,,206.2,130.2,374.6,,73.1,,,,217.1,,239.0,,404.5,357.6,228.3,,41.4,48.3,77.7,,277.7,,227.9,,172.7,215.1,161.7,,266.5,232.9,262.8,,189.4,217.3,205.0,,146.3,,177.0,,107.7,93.4,97.4
01/08/2012,116.4,,69.3,,92.2,,151.3,161.1,78,,338.1,112.9,145.6,,69.8,,,,273.3,,223.2,,350.8,253.9,349.3,,28.7,60.9,46.6,,109.0,,148.6,,164.5,155.9,180.0,,135.1,78.6,308.8,,156.2,105.2,177.3,,34.8,,73.2,,74.3,111.4,151.6
01/09/2012,37.5,,66.6,,96.7,,129.5,34.9,116.8,,66.5,162.2,225,,130.3,,,,112.8,,488.6,,268.0,352.0,87.8,,29.2,101.1,22.6,,28.1,,130.5,,153.1,212.1,193.1,,135.2,190.7,306.7,,103.4,152.5,82.2,,77.3,,104.3,,70.2,69.4,18.4
01/10/2012,4,,128.8,,29.1,,72.6,117.2,130.6,,19,71.1,76.6,,31.9,,,,67.0,,106.0,,27.4,37.1,3.8,,28.7,16.8,27.5,,101.6,,39.2,,139.5,134.5,74.7,,50.2,150.1,78.3,,55.0,184.9,170.5,,14.5,,87.6,,251.8,75.6,98.3
01/11/2012,18.7,,9,,124,,158.2,106.5,224.8,,171.8,175.2,23.6,,41.1,,,,21.1,,43.2,,10.6,48.2,48.6,,11.1,15.7,55.3,,102.0,,80.2,,65.6,47.0,73.4,,45.3,48.7,157.1,,48.6,60.6,109.3,,17.6,,34.9,,116.9,185.0,83.8
01/12/2012,8.2,,30.4,,10.8,,86.2,35,16.7,,194,13.9,84.6,,13.7,,,,4.5,,10.5,,3.8,8.3,14.1,,25.4,25.6,42.6,,88.8,,40.0,,42.4,63.8,63.7,,97.1,20.5,38.9,,10.6,12.8,34.4,,7.6,,12.5,,17.2,87.0,185.0
01/01/2013,16.7,,22.8,,3.2,,24.6,26.5,19.2,,38.4,2.7,48.8,,22.9,,,,13.0,,11.7,,27.4,69.5,58.5,,78.3,8.1,69.1,,39.5,,33.3,,114.6,17.3,48.2,,7.8,103.7,38.6,,5.5,3.5,10.9,,20.5,,1.5,,67.3,36.6,38.9
01/02/2013,0,,4.8,,47.4,,38.3,8.3,25.9,,123.5,7.3,22.2,,24.2,,,,13.3,,19.7,,30.8,4.8,224.1,,22.4,20.4,32.9,,55.8,,37.0,,8.3,11.2,27.8,,4.3,43.9,12.4,,110.4,21.0,7.0,,9.3,,15.5,,23.7,54.2,26.4
01/03/2013,0,,29.5,,7.3,,32.3,7.5,17,,2.1,38.8,60.6,,32.4,,,,10.7,,11.4,,120.0,0.8,21.5,,15.5,63.9,30.7,,54.8,,31.9,,0.4,5.9,7.4,,48.7,25.1,33.1,,23.3,3.4,5.0,,3.1,,56.5,,74.1,59.8,88.4
01/04/2013,0,,24.9,,45.1,,3.2,5.1,3.3,,1.1,9.7,1,,39,,,,58.3,,60.2,,74.4,1.4,24.8,,6.8,96.6,36.9,,21.4,,27.1,,39.2,17.8,16.3,,89.1,4.5,36.5,,3.8,10.4,113.1,,67.3,,24.6,,73.8,181.6,133.9
01/05/2013,4.6,,101.6,,79.1,,12.7,24.8,0.1,,10.8,82.7,91.5,,83.7,,,,105.0,,113.9,,13.9,7.3,28.0,,48.4,20.6,58.6,,55.4,,42.2,,27.5,72.9,136.9,,148.4,105.7,161.0,,95.0,25.2,77.2,,109.0,,121.2,,219.8,282.5,243.7
01/06/2013,73.8,,63.7,,199.4,,125.8,201,56.1,,153.9,374.9,106.9,,207.6,,,,338.7,,137.9,,58.7,109.3,50.4,,93.6,47.8,51.6,,8.7,,90.1,,108.5,131.8,247.5,,123.5,152.4,211.2,,74.0,116.2,87.2,,109.3,,231.3,,154.9,223.7,118.4
01/07/2013,233.5,,80.6,,26.9,,281.3,236.4,167.3,,115.5,326.9,88.1,,81.9,,,,174.3,,268.7,,373.2,368.6,215.8,,110.3,32.5,68.8,,136.1,,111.2,,199.4,172.4,182.2,,114.8,359.3,69.4,,54.1,193.8,123.9,,93.7,,87.8,,99.7,90.2,207.7
01/08/2013,72.1,,96.1,,99.6,,73.4,172.3,106.7,,315.8,68.3,101.3,,105,,,,105.6,,383.6,,168.3,167.3,301.4,,90.8,79.0,22.4,,186.4,,33.2,,146.5,134.8,161.5,,166.6,29.1,51.4,,161.4,141.0,107.9,,96.4,,46.0,,90.1,79.6,122.6
01/09/2013,207.4,,105.5,,43.3,,147.2,101.4,49.6,,146.4,521,102.2,,99.5,,,,302.1,,128.3,,291.7,306.7,40.4,,39.8,52.4,25.3,,115.9,,73.1,,137.8,119.1,160.0,,185.6,26.5,186.7,,186.1,178.2,102.8,,38.2,,149.5,,106.0,93.8,142.6
01/10/2013,82.1,,41.5,,56.2,,93.6,90.1,82.1,,21.9,113.4,96.9,,68.5,,,,80.4,,11.1,,2.2,136.6,100.6,,17.7,22.3,23.5,,22.4,,78.0,,36.9,109.1,102.3,,86.2,149.5,118.1,,106.0,91.7,147.2,,98.1,,66.1,,75.1,28.9,85.1
01/11/2013,23.2,,94,,44.6,,47.8,55.4,35.2,,124.4,88.6,106.4,,43.6,,,,49.8,,14.9,,16.1,22.4,9.5,,82.9,47.3,10.7,,68.7,,57.6,,120.4,73.9,18.6,,63.5,97.9,25.0,,108.5,39.9,191.9,,15.9,,100.5,,98.3,16.7,128.3
01/12/2013,63,,216.2,,10.1,,51.5,10.3,49.8,,1,56.7,59,,7,,,,0.5,,9.9,,31.4,9.0,62.5,,53.5,32.7,34.4,,77.7,,40.9,,86.0,182.2,64.7,,49.3,39.0,10.0,,36.3,80.8,35.4,,7.0,,229.5,,87.6,84.8,98.3
01/01/2014,0,,2.1,,47,,66.1,4.8,44.5,,27,120,49.6,,36.9,,,,2.9,,6.7,,18.8,166.5,87.8,,9.9,19.4,12.0,,57.0,,69.8,,141.1,213.7,43.7,,56.3,48.9,22.0,,10.3,20.3,12.8,,4.5,,13.5,,10.7,17.3,13.4
01/02/2014,0,,8,,44.2,,39.8,39.4,9,,49.4,5.9,20.2,,22.6,,,,3.6,,16.8,,32.3,76.3,92.1,,49.3,29.7,30.2,,186.9,,49.5,,41.8,82.2,59.3,,137.4,62.4,3.0,,6.2,17.3,30.9,,18.9,,34.4,,47.9,44.6,4.7
01/03/2014,0.8,,100.8,,113.2,,27,17.3,5.2,,70.7,34.8,22.3,,9.5,,,,17.7,,5.2,,32.9,52.1,1.3,,11.9,12.2,34.4,,81.2,,40.5,,10.4,42.8,34.4,,76.8,39.8,0.8,,23.6,31.0,1.0,,17.4,,75.1,,60.0,50.8,74.0
01/04/2014,6.6,,58.2,,15.8,,3.8,18,15.9,,26,16.2,8.2,,15.5,,,,26.5,,22.2,,57.3,4.4,8.7,,22.7,15.1,32.6,,59.6,,123.2,,39.6,14.6,76.5,,55.6,37.7,16.2,,96.1,18.5,1.8,,35.2,,29.2,,155.9,80.7,152.6
01/05/2014,81.3,,37.6,,125.3,,149.5,1,21.4,,84.7,25.1,17.7,,84.8,,,,28.3,,98.8,,29.8,1.8,14.0,,45.9,47.5,52.0,,41.1,,9.8,,59.3,109.6,138.5,,61.7,212.2,43.8,,10.5,44.5,28.5,,84.3,,70.3,,219.0,231.0,280.3
01/06/2014,119.5,,216.3,,113.9,,278.3,98.5,108.9,,195,300.3,90.3,,150.9,,,,127.9,,274.8,,281.9,66.9,162.0,,79.5,70.3,85.8,,56.6,,89.3,,106.1,228.1,277.8,,244.1,396.9,126.2,,142.7,81.0,245.8,,120.8,,107.5,,184.6,234.4,87.5
01/07/2014,150.3,,234,,114.5,,259.6,145.4,121.6,,230,361.9,51.2,,88,,,,106.7,,370.6,,362.0,249.2,172.7,,56.7,138.8,108.0,,107.9,,233.8,,144.9,171.4,108.3,,120.7,238.0,256.4,,231.6,269.0,134.0,,104.9,,97.4,,80.6,87.3,127.7
01/08/2014,87,,203.4,,75.9,,140.5,136.4,142.1,,151.7,167.5,309,,105.5,,,,93.4,,355.0,,220.2,162.0,282.8,,34.1,50.6,87.2,,155.0,,227.1,,138.3,184.2,191.9,,72.7,167.2,196.4,,104.5,103.5,149.7,,145.2,,136.8,,151.3,91.7,107.6
01/09/2014,107.4,,22,,161.6,,92,105.4,127.7,,140,169.3,209.8,,60.9,,,,115.7,,135.1,,76.6,189.4,131.4,,55.6,38.5,24.2,,97.3,,66.9,,221.4,175.1,167.4,,165.0,34.6,252.6,,46.7,146.7,94.1,,62.6,,29.7,,93.1,81.7,181.3
01/10/2014,62.1,,8.1,,75.4,,96.5,91.7,112.4,,24.5,351.1,161.5,,65.1,,,,55.3,,40.1,,15.9,36.9,22.3,,66.3,25.2,18.6,,33.1,,14.7,,140.7,64.1,134.5,,190.3,45.2,152.9,,164.4,194.6,152.8,,67.9,,15.7,,66.2,199.1,66.3
01/11/2014,8.8,,50.5,,115.4,,85,171.5,62,,66.2,72.2,111.9,,91.2,,,,6.7,,29.2,,2.4,5.5,12.6,,16.5,17.8,12.8,,159.1,,145.3,,113.7,137.9,83.3,,27.0,55.4,104.6,,103.7,121.1,73.9,,20.2,,126.6,,77.2,127.6,202.7
01/12/2014,6.7,,17.7,,54.3,,87.3,79,83.1,,150.7,44.9,154.1,,6.6,,,,20.7,,30.7,,14.9,5.8,7.0,,22.1,13.3,13.1,,110.5,,231.2,,33.4,33.3,115.9,,62.7,21.7,16.7,,82.2,72.3,32.3,,25.5,,27.9,,45.0,269.4,79.5
